DMA,Name,DMA Name,Area,Latitude,Longitude,Country,Population 18+,Household Count,Med HHld Income,HHlds No Vehicles,HHlds 1-2 Vehicles,HHlds 2+ Vehicles,HHld Exp - Public Transport,HHld Exp - Intercity Bus Fare,HHld Exp - Mass Transit,HHld Exp - Taxi,HHld Exp - Other Public Transportation,White,African American,American Indian,Asian,Hawaiian/Pacific Islander,Other Race,Multi-Race,Hispanic
662,Abilene-Sweetwater,Abilene-Sweetwater,16072.60631,32.62298,-99.82934,United States,237636,121955,47202,6175,42605,73175,608.86,17.93,104.86,23.3,70.89,206058,18796,1276,4430,142,371,4714,77837
525,Albany (GA),Albany (GA),6411.76385,31.46922,-83.71219,United States,304285,157918,38539,16206,56997,84715,552.97,16.31,95.21,21.17,64.41,209533,159231,839,4671,139,351,4401,30071
532,Albany-Schenectady-Troy,Albany-Schenectady-Troy,10318.68614,42.73964,-73.84374,United States,1103229,590561,64495,55316,211407,323838,781.78,23.05,134.45,29.93,91.16,1150528,88696,2333,46125,318,3147,26773,68157
790,Albuquerque-Santa Fe,Albuquerque-Santa Fe,117518.8359,33.8192,-106.52693,United States,1447666,761052,50710,42073,251716,467263,655.97,19.31,112.95,25.11,76.31,764161,37961,134783,31249,1030,23953,94521,827629
644,Alexandria (LA),Alexandria (LA),4237.00579,31.32247,-92.62778,United States,177072,92212,43095,6824,33444,51944,576.82,16.99,99.4,22.09,67.08,152109,64306,1802,3587,241,176,5322,10666
583,Alpena,Alpena,1284.37911,44.66022,-83.57484,United States,31131,17580,43111,1078,6302,10200,559.84,16.52,96.24,21.33,65.79,36322,224,178,241,11,4,489,636
634,Amarillo,Amarillo,43068.53311,35.2862,-102.06361,United States,400731,207832,51454,9519,67346,130967,659.68,19.4,113.71,25.28,76.51,303773,26978,3211,13741,185,942,7859,195053
743,Anchorage,Anchorage,42779.71605,61.06396,-149.14639,United States,340682,168610,84630,9007,48625,110978,948.78,27.87,163.45,36.41,109.79,305538,19141,23463,30751,4389,1070,42575,34155
524,Atlanta,Atlanta,17797.67079,33.25012,-84.33356,United States,5262308,2619317,62663,144131,820362,1654824,816.73,24,140.76,31.32,94.57,3637619,2135064,13996,376766,2584,23444,119742,741050
520,Augusta,Augusta,8017.51667,33.30757,-81.90608,United States,545041,283020,49074,20162,91192,171666,629.33,18.52,108.38,24.09,73.19,385430,265935,2049,13613,681,671,14108,35425
635,Austin,Austin,10579.03969,30.33141,-98.0273,United States,1742613,865704,71543,36796,294701,534207,905.4,26.61,156.05,34.77,104.66,1238570,162073,6484,127100,1315,7683,39815,717377
800,Bakersfield,Bakersfield,5797.30882,34.90125,-119.05459,United States,575240,252243,54506,16513,75024,160706,714.44,20.99,123.15,27.42,82.63,272212,43782,5242,39724,752,847,14999,446666
512,Baltimore,Baltimore,3870.2154,39.1505,-75.90816,United States,2314857,1175185,78919,122409,378241,674535,981.95,28.91,168.89,37.64,114.21,1757353,832437,7196,167623,1278,3179,68393,166900
537,Bangor,Bangor,17181.77629,45.40293,-68.75145,United States,277107,151830,48443,11790,53413,86627,607.34,17.91,104.5,23.21,70.97,321065,3155,2835,3692,79,256,6580,5536
716,Baton Rouge,Baton Rouge,6694.8072,29.70033,-91.1412,United States,701692,363142,53433,22548,133475,207119,710.54,20.9,122.47,27.22,82.54,524401,331851,2782,20310,201,933,11098,37630
692,Beaumont-Port Arthur,Beaumont-Port Arthur,5114.83099,29.68803,-94.12026,United States,347976,178567,50120,11463,64370,102734,663.4,19.53,114.28,25.4,77.19,273228,106135,1637,12006,132,413,6199,63716
821,Bend,Bend,3048.517,43.72297,-120.94952,United States,146503,75126,60743,2588,20966,51572,751.28,22.1,129.24,28.78,87.29,162249,1242,1259,2204,198,220,4123,15130
756,Billings,Billings,52698.87256,44.43846,-108.19548,United States,221796,122635,58259,5897,33459,83279,724.95,21.33,124.75,27.75,84.29,247359,2193,11416,2117,138,1107,12554,15376
746,Biloxi-Gulfport,Biloxi-Gulfport,2256.86257,30.65091,-88.86796,United States,293316,154189,49086,7337,52770,94082,600.34,17.66,103.48,23,69.67,262815,87156,1419,9835,294,395,7878,21208
502,Binghampton,Binghampton,3599.23101,42.28175,-75.49588,United States,271193,144905,52373,14600,51135,79170,663.88,19.59,114.18,25.38,77.6,299851,12788,614,10466,80,245,6640,12142
630,Birmingham,Birmingham,15487.33556,33.10665,-86.86962,United States,1461780,777999,49569,48363,252372,477264,665.16,19.57,114.58,25.47,77.32,1272405,499187,5242,25359,517,2474,22914,77370
559,Bluefield-Beckley,Bluefield-Beckley,6059.3822,37.79634,-80.80723,United States,262700,142986,40086,12851,48907,81228,559.91,16.52,96.28,21.38,65.61,303223,17021,669,2076,49,172,5211,4742
757,Boise,Boise,32867.51073,43.53816,-116.30411,United States,609145,303186,55505,12748,90707,199731,703.68,20.68,121.26,26.96,81.62,654041,9799,4846,17165,1458,979,18279,120037
506,Boston-Manchester,Boston-Manchester,9605.6761,42.69416,-71.74831,United States,5275113,2598094,83728,298235,890522,1409337,1070.73,31.56,184.05,41.05,124.68,4958971,470299,8963,464940,1351,37039,105921,639989
736,Bowling Green,Bowling Green,2495.16019,37.08624,-86.19331,United States,169172,88244,45929,5834,27582,54828,589.77,17.35,101.65,22.59,68.46,186565,15228,487,5423,134,206,3895,9500
514,Buffalo,Buffalo,8550.65854,42.91288,-78.68012,United States,1251106,677307,54212,79621,256249,341437,693.05,20.45,119.22,26.52,80.95,1281518,153507,8775,41242,285,1232,29909,74820
523,Burlington-Plattsburgh,Burlington-Plattsburgh,15141.42653,43.53541,-73.03688,United States,674699,352735,61392,24987,119551,208197,752.22,22.16,129.43,28.79,87.66,764041,16786,4366,16579,160,656,16234,20008
754,Butte-Bozeman,Butte-Bozeman,17217.45756,44.63252,-112.36096,United States,153513,80671,55282,4366,21313,54992,718.67,21.13,123.75,27.54,83.37,175937,1268,1879,2177,128,155,4034,7209
767,Casper-Riverton,Casper-Riverton,23114.50076,42.72808,-107.47294,United States,107525,59378,60864,2495,16429,40454,782.82,23.01,134.84,29.99,90.81,118673,1549,4940,1153,47,430,5886,12111
637,Cedar Rapids-Waterloo-Iowa City-Dubuque,Cedar Rapids-Waterloo-Iowa City-Dubuque,12907.37727,41.5969,-91.75046,United States,698184,375053,60723,20500,111757,242796,758.49,22.3,130.64,29.04,88.15,794268,40366,2195,22464,708,472,16331,34071
648,Champaign-Springfield-Decatur,Champaign-Springfield-Decatur,11897.01409,39.52762,-89.06239,United States,740101,400842,52907,34406,139629,226807,691.09,20.36,118.97,26.45,80.51,771547,90768,1624,31945,253,883,18367,36433
519,Charleston (SC),Charleston (SC),5653.54204,32.66418,-80.04222,United States,709682,366873,57674,22694,124337,219842,744.67,21.91,128.23,28.53,86.53,574528,259008,3141,16801,571,2544,15949,46271
564,Charleston-Huntingdon,Charleston-Huntingdon,13874.88933,37.99722,-82.04154,United States,860107,468100,43225,43425,158111,266564,593.18,17.49,102.08,22.67,69.31,1032511,31246,2263,7737,165,526,16389,14559
517,Charlotte,Charlotte,10527.47747,35.04886,-80.76986,United States,2505561,1291184,56357,64991,404286,821907,748.08,21.99,128.91,28.67,86.72,2147528,678700,11082,112795,1249,6883,55271,289868
584,Charlottesville,Charlottesville,1847.66399,37.95181,-78.27113,United States,185044,92747,69371,5329,28752,58666,875.8,25.78,150.65,33.56,101.8,175762,28846,407,10422,82,369,5582,12436
575,Chattanooga,Chattanooga,5769.42018,34.98828,-84.80183,United States,760787,395565,48258,22809,125547,247209,632.77,18.62,108.96,24.22,73.6,779916,92050,2887,14289,358,556,15661,79384
759,Cheyenne-Scotts Bluff,Cheyenne-Scotts Bluff,7720.68641,41.99988,-104.32111,United States,110865,60428,60212,2522,17725,40181,732.48,21.54,126.13,28.06,85.05,113169,3284,1109,1715,144,122,2620,24478
602,Chicago,Chicago,9445.52423,41.3114,-87.8268,United States,7362731,3695954,69122,434676,1277861,1983417,922.09,27.16,158.65,35.34,107.3,5172037,1607623,14084,640235,2073,13959,152385,2103544
868,Chico-Redding,Chico-Redding,17204.12899,40.00768,-121.81103,United States,404649,211313,47749,13694,68284,129335,655.91,19.34,112.79,25.11,76.42,382352,7335,8457,18311,686,340,18985,84714
515,Cincinnati,Cincinnati,7552.97655,39.03393,-84.35632,United States,1807107,960667,61032,71531,294426,594710,796.5,23.43,137.15,30.52,92.5,1931797,278225,3847,58694,1168,2616,43689,75152
598,Clarksburg-Weston,Clarksburg-Weston,5118.20906,38.77371,-80.3091,United States,208158,109243,44998,9108,36640,63495,586.45,17.29,100.89,22.41,68.57,247907,5799,538,1543,40,126,3776,4168
510,Cleveland,Cleveland,7850.78767,41.45522,-81.71119,United States,2962083,1605913,54042,144669,547559,913685,722.21,21.28,124.27,27.64,84.17,2944293,557168,6307,82514,738,3032,72885,159191
752,Colorado Springs-Pueblo,Colorado Springs-Pueblo,21670.12765,37.54638,-104.02716,United States,754509,384116,59199,18243,113577,252296,743.66,21.86,128.12,28.51,86.2,665513,52840,5859,23676,2156,1099,30498,215097
546,Columbia (SC),Columbia (SC),7400.7224,33.46789,-80.9428,United States,854283,443018,51835,27499,147761,267758,664.8,19.56,114.54,25.46,77.25,591934,421982,3241,21717,625,1777,17986,54068
604,Columbia-Jefferson City,Columbia-Jefferson City,8240.9544,38.18657,-92.27394,United States,382676,197842,52658,10690,61694,125458,652.31,19.19,112.41,24.99,75.7,418433,35654,1596,11434,213,365,10598,14213
535,Columbus,Columbus,10215.66542,39.55942,-82.55308,United States,1963224,1017662,59330,65376,333776,618510,765.66,22.51,131.93,29.36,88.75,1990064,340834,5018,94113,1014,3402,59698,95478
522,Columbus (GA),Columbus (GA),7004.7,32.52173,-84.83386,United States,458187,240858,44717,19479,80710,140669,613.84,18.07,105.77,23.53,71.24,316366,223815,1696,14253,682,742,10768,32297
673,Columbus-Tupelo-West Point,Columbus-Tupelo-West Point,9697.68723,32.98325,-88.93903,United States,373314,199967,40439,12851,63871,123245,546.41,16.08,94.15,20.91,63.55,318348,150182,851,4555,94,406,5291,12789
600,Corpus Christi,Corpus Christi,11594.57892,26.60064,-97.85917,United States,448901,224368,52553,15982,78137,130249,673.43,19.84,115.96,25.8,78.28,191501,20788,1550,10079,313,534,4889,377379
623,Dallas-Fort Worth,Dallas-Fort Worth,26400.16519,32.27791,-96.82837,United States,5922749,2944691,65788,126445,942743,1875503,865.65,25.43,149.2,33.22,100.11,3993609,1203746,33169,502550,6372,15190,136839,2210533
682,Davenport-Rock Island-Moline,Davenport-Rock Island-Moline,9706.27491,41.1628,-90.44129,United States,582059,318878,54471,21040,102050,195788,694.9,20.46,119.58,26.58,81.01,625526,40502,1446,13297,304,535,14455,62608
542,Dayton,Dayton,5300.71584,40.1393,-84.35788,United States,1006163,546803,53519,40019,173768,333016,692.06,20.38,119.11,26.49,80.56,1073910,146558,2684,23486,495,1274,29855,34921
751,Denver,Denver,117004.6787,40.24775,-104.60933,United States,3477905,1770802,72201,89766,517837,1163199,937.11,27.54,161.41,35.95,108.52,3108802,188034,21410,161234,3649,12394,91422,960115
679,Des Moines-Ames,Des Moines-Ames,19615.55343,40.58479,-93.69539,United States,886356,476328,61866,25099,140907,310322,774.81,22.78,133.47,29.68,89.94,993929,44877,2306,41357,466,730,18862,76507
505,Detroit,Detroit,6210.83278,42.707,-83.2883,United States,3751712,1978134,59574,163801,687209,1127124,805.97,23.72,138.74,30.86,93.8,3294702,1011116,13578,224770,928,4931,105921,221980
606,Dothan,Dothan,3491.40563,31.00069,-85.41196,United States,197772,108759,45634,6677,36442,65640,599.26,17.64,103.2,22.94,69.7,179333,59116,1401,2845,154,227,5111,11976
676,Duluth-Superior,Duluth-Superior,24668.77956,46.7131,-91.71048,United States,334527,183822,52142,13864,56328,113630,671.3,19.77,115.49,25.66,78.36,375560,6076,10192,3806,84,255,16597,7938
765,El Paso,El Paso,13224.99199,31.84095,-105.6621,United States,768905,369839,44090,23804,119991,226044,575.93,16.93,99.32,22.08,66.74,172142,32068,3418,13734,944,1361,8034,840447
565,Elmira,Elmira,3289.588,42.00015,-77.14286,United States,186895,100363,52617,9033,33929,57401,673.29,19.85,115.83,25.75,78.61,217931,7618,503,3384,38,150,4383,5456
516,Erie,Erie,2735.29058,41.62395,-79.71756,United States,309721,164241,50399,15403,62236,86602,653.64,19.28,112.5,25,76.33,348412,22719,646,5712,89,187,7153,13367
801,Eugene,Eugene,11953.25989,43.37933,-123.12345,United States,522193,267949,50666,20137,85057,162755,671.15,19.8,115.38,25.7,78.23,537757,7194,6705,19909,1135,471,24269,50928
802,Eureka,Eureka,4591.54858,40.80789,-123.90788,United States,130833,69020,46124,5418,23733,39869,614.54,18.13,105.75,23.56,71.49,119939,2896,6484,4885,300,487,9496,21158
649,Evansville,Evansville,8499.75021,37.18815,-87.56624,United States,558436,300679,51062,17606,94025,189048,658.69,19.38,113.45,25.2,76.63,651200,37690,1235,8069,248,733,12152,20307
745,Fairbanks,Fairbanks,7386.96329,64.40239,-146.27773,United States,73946,37754,79804,2090,10223,25441,886.92,26.04,152.88,34.08,102.36,69549,5188,4808,3296,326,106,8265,7976
724,Fargo-Valley City,Fargo-Valley City,42052.61356,45.94772,-97.13848,United States,491224,272537,58311,17591,78145,176801,739.18,21.75,127.29,28.33,85.82,558621,18169,11944,11685,192,341,19251,23522
513,Flint-Saginaw-Bay City,Flint-Saginaw-Bay City,7792.18532,43.63856,-83.84757,United States,884477,476691,48007,35960,164909,275822,638.11,18.8,109.86,24.39,74.46,914925,128686,5843,13441,254,593,23006,50282
570,Florence-Myrtle Beach,Florence-Myrtle Beach,5174.33384,34.83847,-79.41899,United States,610711,323449,43245,24161,115386,183902,561.85,16.57,96.68,21.49,65.58,448988,218643,33755,8909,332,10220,29053,39722
571,Fort Myers-Naples,Fort Myers-Naples,6383.11555,25.95129,-81.62245,United States,1135298,580347,55740,28714,248912,302721,735.63,21.75,126.16,28.08,86.53,929734,110784,3258,22576,400,3238,16593,304344
670,Fort Smith-Fayetteville-Springdale-Roger,Fort Smith-Fayetteville-Springdale-Rogers,9078.76956,35.72699,-94.14847,United States,655062,339880,49548,17568,107787,214525,660.19,19.41,113.8,25.31,76.53,652356,26416,20093,26538,4708,1898,32847,118083
509,Fort Wayne,Fort Wayne,4827.72101,40.68507,-85.14311,United States,542226,291417,53795,16205,92711,182501,669.37,19.68,115.37,25.62,77.78,608519,47343,1906,17373,188,592,13146,42894
866,Fresno-Visalia,Fresno-Visalia,17828.29184,36.42208,-119.6147,United States,1434699,631364,49514,48407,194144,388813,675.2,19.87,116.31,25.91,78.2,626287,84626,12690,148833,2269,3090,37200,1133211
592,Gainesville,Gainesville,3172.99843,29.09536,-82.72881,United States,272298,139465,45907,10194,55743,73528,625.16,18.43,107.69,23.95,72.74,223543,59715,876,16960,138,559,7093,30300
798,Glendive,Glendive,4114.39948,46.61264,-105.19627,United States,7726,4220,57885,143,1066,3011,780.19,22.94,134.26,29.86,90.7,9201,59,126,61,4,5,257,343
773,Grand Junction-Montrose,Grand Junction-Montrose,6866.98156,37.85959,-108.21887,United States,155479,83777,52690,3984,25773,54020,671.59,19.76,115.6,25.7,78.18,161648,1775,1106,1919,179,287,3239,31712
563,Grand Rapids-Kalamazoo-Battle Creek,Grand Rapids-Kalamazoo-Battle Creek,9051.75566,42.47223,-85.62539,United States,1564710,794167,56466,52596,247745,493826,707.63,20.81,121.91,27.09,82.26,1654992,154360,8564,45174,449,1356,46259,162922
755,Great Falls,Great Falls,40593.41484,47.5657,-109.93625,United States,127947,69796,47594,4457,21064,44275,644.47,18.98,110.9,24.67,75.03,133955,1714,12487,1306,84,379,14595,6229
658,Green Bay-Appleton,Green Bay-Appleton,10882.10113,45.05504,-88.20189,United States,879922,475968,58740,24632,145193,306143,723.42,21.28,124.6,27.69,84.08,999052,19392,13833,27552,280,864,22333,58034
518,Greensboro-High Point-Winston-Salem,Greensboro-High Point-Winston-Salem,7442.81747,35.99629,-80.3417,United States,1402299,758053,48402,44440,242414,471199,652.24,19.2,112.33,24.97,75.8,1189082,381947,6044,47167,546,3529,28841,166117
567,Greenvile-Spartanburg-Ashland,Greenvile-Spartanburg-Ashland,13314.53532,34.44514,-82.70251,United States,1789014,943862,48483,54943,301787,587132,636.85,18.75,109.62,24.37,74.17,1747798,320658,9979,36250,919,2772,38793,143240
545,Greenville-New Bern-Washington,Greenville-New Bern-Washington,8448.16544,35.34369,-77.04095,United States,626959,331896,46345,20768,106211,204917,597.98,17.61,103.01,22.91,69.48,497995,211108,3154,14285,785,890,17523,71556
647,Greenwood-Greenville,Greenwood-Greenville,5409.11556,33.58426,-90.48372,United States,140429,72515,31859,7883,28505,36127,509.73,15.05,87.75,19.51,59.48,61752,119258,252,1358,33,79,1314,4331
636,Harlingen-Weslaco-Brownsville-McAllen,Harlingen-Weslaco-Brownsville-McAllen,4365.34204,26.31154,-98.15842,United States,917482,402848,37457,26685,152533,223630,525.8,15.47,90.72,20.13,61.07,107581,7685,954,12556,127,737,2079,1246155
566,Harrisburg-Lancaster-Lebanon,Harrisburg-Lancaster-Lebanon,6016.75151,39.76046,-76.98617,United States,1555154,798023,62954,54923,242750,500350,754.15,22.19,129.78,28.87,87.78,1661999,122349,2918,49660,445,1295,34493,152715
569,Harrisonburg,Harrisonburg,2573.05513,38.24584,-79.06794,United States,206508,103117,54057,6189,29039,67889,675.84,19.9,116.28,25.88,78.62,217102,15209,435,4286,79,214,4754,20231
533,Hartford-New Haven,Hartford-New Haven,4323.4336,41.61086,-72.65253,United States,2073088,1065693,73430,94737,356085,614871,927.36,27.31,159.49,35.52,107.97,1806450,278834,5545,117447,702,4390,49360,366480
710,Hattiesburg-Laurel,Hattiesburg-Laurel,4779.06924,30.99766,-89.24503,United States,224906,117834,42689,7063,40033,70738,594.91,17.5,102.54,22.77,69.16,189207,95328,617,2753,82,505,3172,8533
766,Helena,Helena,4723.96134,46.89375,-112.11154,United States,54500,28918,63715,1647,8198,19073,740.39,21.79,127.4,28.35,86.11,63915,474,1015,556,36,25,1893,2419
744,Honolulu,Honolulu,6444.98093,19.58962,-155.43366,United States,1101153,490076,79293,40653,164346,285077,935.31,27.58,160.7,35.87,108.84,315779,29473,2598,524334,101863,1658,310985,144667
618,Houston,Houston,17857.22795,29.97815,-95.64598,United States,5322932,2628496,64432,128707,865053,1634736,882.22,25.92,152.06,33.86,102.06,2804395,1233812,18094,543532,3474,18175,100138,2618888
691,Huntsville-Decatur,Huntsville-Decatur,7826.36566,34.73505,-86.85815,United States,797416,426569,51674,21433,131416,273720,681.56,20.04,117.4,26.09,79.2,773505,148651,7550,15614,589,1310,22624,68734
758,Idaho Falls-Pocatello,Idaho Falls-Pocatello,30002.15887,44.00339,-112.67805,United States,278012,142268,54367,5778,37670,98820,680.48,19.98,117.29,26.08,78.82,325874,3048,4646,4153,456,1101,7268,48102
527,Indianapolis,Indianapolis,12348.86583,39.16702,-86.12189,United States,2247060,1191319,56452,69692,395070,726557,728.53,21.42,125.54,27.92,84.53,2303359,344787,6315,87676,871,4186,54942,177424
718,Jackson (MS),Jackson (MS),14329.53577,31.39012,-90.48575,United States,673679,352135,44775,23418,118146,210571,631.38,18.57,108.79,24.17,73.39,419141,438212,2140,9352,235,938,8152,24925
639,Jackson (TN),Jackson (TN),3172.95313,35.41182,-88.59407,United States,189999,101727,44320,6339,32420,62968,586.82,17.27,101.06,22.45,68.33,181234,53177,533,1879,53,171,3864,7588
561,Jacksonville,Jacksonville,9183.0417,29.81025,-82.00653,United States,1472166,754570,55623,45799,267267,441504,708.47,20.85,122.02,27.14,82.35,1246467,405367,5934,65895,1385,1429,41051,152174
574,Johnstown-Altoona,Johnstown-Altoona,8350.61019,40.11313,-78.28085,United States,593090,301791,49862,25599,102071,174121,631.52,18.62,108.64,24.14,73.77,675108,21145,717,14300,143,495,8993,15676
734,Jonesboro,Jonesboro,5003.33521,36.13333,-91.13897,United States,186932,100683,43042,6424,32987,61272,562.86,16.57,96.96,21.54,65.48,212316,18199,1052,2003,45,164,4047,8775
603,Joplin-Pittsburg,Joplin-Pittsburg,8363.59765,37.27937,-95.00749,United States,301000,163219,44953,9834,50808,102577,584.09,17.19,100.62,22.35,67.94,339232,7771,8637,4679,1128,437,16641,24113
747,Juneau,Juneau,2781.98714,58.21939,-134.17753,United States,24708,12820,95717,902,4440,7478,1021.58,30.06,175.9,39.2,118.44,20790,479,2397,2140,143,40,3990,2171
616,Kansas City,Kansas City,18599.21518,38.53005,-94.20893,United States,1911232,1020855,61595,61213,327607,632035,780.8,22.96,134.5,29.93,90.58,1901064,283286,11530,71822,3247,2529,61746,212352
557,Knoxville,Knoxville,9473.6871,35.9448,-84.05186,United States,1079790,571668,46660,31155,179657,360856,635.59,18.71,109.41,24.31,74.02,1213717,63103,3600,18597,542,861,22343,55396
702,La Cross-Eau Claire,La Cross-Eau Claire,10528.9392,44.31372,-91.31359,United States,439732,230427,55246,14225,66498,149704,689.22,20.28,118.66,26.38,80.18,519314,7929,2782,14040,142,272,8314,17127
582,Lafayette (IN),Lafayette (IN),1274.68502,40.43214,-87.11303,United States,160217,79166,52195,4895,27517,46754,659.26,19.4,113.73,25.3,76.29,158230,10354,422,16201,61,143,3671,16940
642,Lafayette (LA),Lafayette (LA),5955.19763,30.26702,-92.11031,United States,479239,255714,46402,20047,91024,144643,645.32,18.98,111.25,24.71,74.99,429683,172860,2010,10035,105,596,9350,23752
643,Lake Charles,Lake Charles,4672.67972,30.23919,-93.25598,United States,205423,107365,47669,6921,38280,62164,634.75,18.67,109.41,24.3,73.81,192710,62042,1527,3372,94,413,5177,9472
551,Lansing,Lansing,3040.29228,41.76136,-84.60318,United States,532447,275661,54496,18900,96866,159895,699.66,20.6,120.52,26.79,81.38,540019,57062,2543,25749,147,584,18067,38939
749,Laredo,Laredo,4440.87496,27.38816,-99.14563,United States,189526,82643,41110,5621,27329,49693,557.84,16.38,96.31,21.4,64.49,12098,1143,125,1967,11,270,326,274927
839,Las Vegas,Las Vegas,36809.94474,37.08276,-116.12102,United States,1719628,853181,56588,68233,315356,469592,694.09,20.44,119.54,26.62,80.55,1008288,255149,9615,222977,13566,2160,77092,679993
541,Lexinton,Lexinton,12431.25228,36.93839,-83.99285,United States,1006666,530774,45207,38457,176731,315586,627.86,18.48,108.17,24.05,72.97,1133550,80847,2485,21093,291,1699,20917,48187
558,Lima,Lima,889.98935,40.90542,-84.13963,United States,103361,53941,54240,3286,15461,35194,669.36,19.69,115.26,25.61,77.88,114023,13159,203,1112,15,222,2828,5275
722,Lincoln-Hastings-Kearney,Lincoln-Hastings-Kearney,39437.47054,40.35999,-99.03099,United States,559445,301762,55580,15463,87333,198966,709.95,20.89,122.25,27.19,82.46,619183,18558,3140,19030,270,512,12516,68042
693,Little Rock-Pine Bluff,Little Rock-Pine Bluff,26094.68095,33.94317,-92.6704,United States,1102645,592274,47600,39082,200079,353113,626.72,18.45,107.93,24,72.91,1030336,287186,6313,19382,435,1070,25714,75587
803,Los Angeles,Los Angeles,45408.43865,35.42599,-116.80462,United States,14004496,6072078,68945,408242,1845727,3818109,927.83,27.31,159.65,35.62,107.48,5790160,1292222,46934,2506614,42709,42831,408907,8359098
529,Louisville,Louisville,10108.58694,38.06051,-85.775,United States,1349875,722243,54874,50858,235604,435781,702.99,20.68,121.09,26.92,81.69,1405627,213626,3917,33480,987,1571,33981,78894
651,Lubbock,Lubbock,16925.16137,32.56259,-101.79094,United States,346000,175757,49281,8932,61500,105325,650.91,19.15,112.23,24.96,75.47,234601,28954,1669,8141,205,590,4760,192215
503,Macon,Macon,8386.80918,32.52069,-83.31905,United States,514116,262841,44920,20194,89611,153036,597.54,17.6,102.93,22.88,69.49,355382,266690,1351,11666,251,718,9793,28434
669,Madison,Madison,8621.56887,42.98902,-89.96656,United States,780040,415898,64030,26948,135323,253627,801.44,23.58,138.03,30.72,93.03,844821,40951,3235,38243,263,721,18562,59413
737,Mankato,Mankato,2587.02679,43.5013,-94.43852,United States,103295,54821,56548,3487,16019,35315,713.06,20.98,122.78,27.3,82.94,116761,3600,277,2388,38,57,1784,7459
553,Marquette,Marquette,11495.98481,46.45386,-87.8764,United States,173181,93849,46455,6634,31088,56127,591.29,17.43,101.72,22.58,69.17,195600,3460,3332,2344,41,82,6210,3700
813,Medford-Klamath Falls,Medford-Klamath Falls,26874.9221,41.5618,-121.96319,United States,350700,186958,47930,11438,57313,118207,637.02,18.8,109.41,24.36,74.42,361619,4161,6228,5954,818,240,15300,50407
640,Memphis,Memphis,16216.41205,34.9954,-89.75752,United States,1357327,717394,48629,52045,251375,413974,675.07,19.87,116.31,25.87,78.37,887628,787973,3797,33034,491,1827,23153,87220
711,Meridian,Meridian,5164.42474,31.98942,-88.58177,United States,131697,70792,38512,5896,23984,40912,554.2,16.33,95.42,21.19,64.67,92610,69630,3493,1337,24,286,4474,3417
528,Miami-Fort Lauderdale,Miami-Fort Lauderdale,4213.08103,25.64251,-80.68436,United States,3755630,1738625,52468,148031,683531,907063,732.48,21.59,126.08,28.08,85.17,1190171,989527,5568,122806,1301,11213,54214,2426170
617,Milwaukee,Milwaukee,4688.45255,42.63949,-88.35459,United States,1777903,952115,61133,82593,321341,548181,794.83,23.41,136.81,30.46,92.39,1661244,304596,8569,75155,657,1296,40524,243165
613,Minneapolis-St Paul,Minneapolis-St Paul,44945.82481,44.53949,-94.1986,United States,3624993,1872714,71393,121187,554354,1197173,906.61,26.65,156.1,34.74,105.28,3785193,326418,32333,264554,1616,5291,114854,262063
687,Minot-Bismark,Minot-Bismark,61837.12557,47.19743,-102.71665,United States,311501,173820,69374,7942,45863,120015,870.89,25.59,149.99,33.39,100.94,343007,8873,22141,3704,183,876,25060,18362
762,Missoula,Missoula,17625.71179,47.23035,-114.46415,United States,245602,128827,49048,5720,37026,86081,656.88,19.33,113.06,25.15,76.37,276849,1779,7469,3324,188,205,12815,10493
686,Mobile-Pensacola,Mobile-Pensacola,11451.79246,31.10733,-87.61523,United States,1113942,584713,52132,29712,202366,352635,649.82,19.13,111.92,24.88,75.56,986142,314596,10067,32603,1211,1492,35050,70065
628,Monroe-El Dorado,Monroe-El Dorado,12341.05934,31.85108,-91.93217,United States,358032,189242,37224,16127,69029,104086,556.85,16.41,95.91,21.31,64.91,284692,167883,1363,3698,115,262,5479,12978
828,Monterey-Salinas,Monterey-Salinas,5150.37492,36.09694,-121.26583,United States,574268,243911,72307,11528,70054,162329,943,27.77,162.15,36.19,109.36,305191,17829,2542,42198,2177,1170,19167,376921
698,Montgomery,Montgomery,11512.42478,31.5975,-86.76419,United States,471781,252818,44305,19745,88552,144521,615.19,18.12,105.96,23.55,71.6,304286,275594,1674,10398,194,877,7837,16899
659,Nashville,Nashville,20795.25307,35.49177,-86.63109,United States,2205686,1142242,54973,53396,348227,740619,717.82,21.09,123.72,27.51,83.18,2207757,379488,8155,67999,2004,3226,56923,192527
622,New Orleans,New Orleans,9961.75654,30.04953,-90.29492,United States,1355368,701162,48789,63871,264941,372350,685.82,20.2,118.11,26.27,79.8,1015448,545194,11268,42911,506,3643,28363,130830
501,New York,New York,11734.29043,40.84238,-74.21172,United States,16778672,8025869,76955,2299938,2578274,3147657,1078.94,31.91,184.99,41.38,126.32,10286851,3636919,32001,2413446,5202,104864,334620,4906874
111,Non-DMA Areas,Non-DMA Areas,524050.6761,63.09978,-151.23083,United States,102531,48817,68110,11966,16091,20760,748.84,22.13,128.66,28.71,87.49,57829,2118,29940,10488,364,672,33247,7152
544,Norfolk-Newport News,Norfolk-Newport News,6665.64988,36.68906,-76.7172,United States,1520063,778142,62623,50675,245079,482388,779.58,22.94,134.23,29.88,90.48,1105021,604697,6767,72802,1960,1874,57983,121962
740,North Platte,North Platte,4713.32552,41.39299,-100.81533,United States,27323,15685,54947,883,4700,10102,686.04,20.2,118.07,26.26,79.82,31887,386,176,351,5,16,411,3094
633,Odessa-Midland,Odessa-Midland,35046.30337,29.78312,-103.0776,United States,335362,165881,65291,7325,53548,105008,832.06,24.44,143.44,31.92,96.33,189084,22158,2102,6160,194,552,4322,249624
650,Oklahoma City,Oklahoma City,30580.50771,35.66701,-97.99249,United States,1452124,765421,54201,36843,254254,474324,690.43,20.3,119,26.46,80.07,1309854,165367,72933,55515,2033,2038,113309,231226
652,Omaha,Omaha,12972.12567,41.10558,-96.26566,United States,849810,457568,62580,27884,140851,288833,788.91,23.19,135.89,30.24,91.53,895086,76934,4598,29904,691,1195,22836,122855
534,Orlando-Daytona Beach-Melbourne,Orlando-Daytona Beach-Melbourne,9038.33221,28.65634,-81.51335,United States,3392703,1687079,52928,88614,667114,931351,671.23,19.79,115.51,25.68,78.29,2520435,594939,10470,151393,2619,7839,76854,928730
631,Ottumwa-Kirksville,Ottumwa-Kirksville,5162.31395,40.81114,-92.54551,United States,100308,52757,45073,3746,16287,32724,591.61,17.43,101.83,22.63,68.98,113948,2882,321,3766,70,86,1885,7204
632,Paducah-Cape Girardeau,Paducah-Cape Girardeau,17958.13972,37.23624,-89.45258,United States,739582,399273,43598,29084,131121,239068,589.26,17.36,101.43,22.54,68.72,824423,70680,2477,10060,219,665,16569,27281
804,Palm Springs,Palm Springs,1338.50147,33.72986,-116.2355,United States,356410,170922,52848,8501,65712,96709,775.9,22.9,133.29,29.68,90.71,179296,11751,1735,14171,397,521,5902,251097
656,Panama City,Panama City,6456.71831,30.32789,-85.36545,United States,312306,159967,47850,9580,55760,94627,604.81,17.82,104.11,23.14,70.47,304088,50078,2504,6224,264,261,10083,22728
597,Parkersburg,Parkersburg,1150.53219,39.19472,-81.43083,United States,118156,64574,47738,4998,21650,37926,634,18.69,109.07,24.23,74.06,142057,2051,321,1057,36,94,2379,2082
675,Peoria-Bloomington,Peoria-Bloomington,6360.65017,40.6867,-89.3432,United States,484739,258756,60724,17490,84251,157015,776.41,22.84,133.69,29.73,90.31,520990,52554,1195,19628,151,442,11989,25315
504,Philadelphia,Philadelphia,8114.96569,38.9943,-75.38655,United States,6295603,3154381,68438,367296,1078603,1708482,897.99,26.45,154.44,34.4,104.62,5065620,1549526,13824,472249,2107,10464,150362,895845
753,Phoenix,Phoenix,83932.86188,34.63467,-111.90071,United States,4224155,2102758,58245,118674,749091,1234993,760.49,22.39,130.91,29.13,88.42,3212471,279964,130407,200554,9202,31423,159041,1587798
508,Pittsburgh,Pittsburgh,10502.82093,39.29013,-79.65919,United States,2257450,1226444,57193,127127,439560,659757,749.29,22.09,128.86,28.67,87.5,2432098,214589,3079,64878,548,2702,47257,53551
820,Portland (OR),Portland (OR),48691.07972,44.27634,-120.44979,United States,2637166,1319113,66070,96025,413674,809414,833.91,24.55,143.5,31.98,96.83,2542367,86613,28798,184040,13394,4604,116104,449878
500,Portland-Auburn (ME),Portland-Auburn (ME),11256.41264,44.36621,-70.39654,United States,813154,439499,59700,31383,148379,259737,730.34,21.52,125.65,27.94,85.16,941445,18566,3097,14704,221,614,17448,20036
552,Presque Isle,Presque Isle,6810.74137,46.51617,-68.30382,United States,54332,30448,41754,2454,11373,16621,554.2,16.37,95.3,21.16,64.93,63139,707,786,397,10,20,1394,933
521,Providence-New Bedford,Providence-New Bedford,1667.4071,41.69949,-71.04026,United States,1275145,649968,63909,64987,234889,350092,821.94,24.23,141.37,31.5,95.7,1224378,97559,4184,51882,382,9877,32084,191223
717,Quincy-Hannibal-Keokuk,Quincy-Hannibal-Keokuk,8285.99919,40.06634,-91.27412,United States,200582,107228,48627,6922,33021,67285,615.21,18.12,105.88,23.52,71.75,234959,9817,440,2102,79,161,4161,5851
560,Raleigh-Durham,Raleigh-Durham,12164.37236,35.72252,-78.49934,United States,2421250,1264008,58615,69136,402342,792530,762.22,22.41,131.34,29.23,88.31,1789064,865441,18609,128886,2059,11375,67276,326812
764,Rapid City,Rapid City,40628.49794,44.5665,-102.71422,United States,201938,109434,54019,6105,30598,72731,668.83,19.68,115.12,25.61,77.76,211682,3244,17370,2645,108,1058,18673,12353
811,Reno,Reno,52177.16077,39.16153,-118.95946,United States,594859,304011,60309,19660,94354,189997,763.64,22.49,131.35,29.26,88.78,506009,18156,10373,33628,2892,1603,21284,169144
556,Richmond-Petersburg,Richmond-Petersburg,9474.97063,37.43773,-77.53494,United States,1161567,587396,63723,40861,178858,367677,816.03,24.01,140.46,31.27,94.8,869005,453563,4661,54829,624,2076,30296,82487
573,Roanoke-Lynchburg,Roanoke-Lynchburg,12478.33235,36.66506,-80.06048,United States,889876,473330,49116,33733,141645,297952,649.39,19.13,111.71,24.84,75.71,870564,167961,2467,22398,257,923,19214,37582
538,Rochester (NY),Rochester (NY),2946.75632,43.25246,-77.38168,United States,810508,433481,58031,45141,154123,234217,743.68,21.92,127.96,28.47,86.69,785676,122957,2212,32410,228,877,20031,72661
611,Rochester-Mason City-Austin,Rochester-Mason City-Austin,6774.24355,42.90757,-92.85074,United States,284651,157550,62914,9702,46062,101786,795.18,23.38,136.88,30.43,92.53,323708,13030,643,13291,127,331,5912,21075
610,Rockford,Rockford,2854.19602,41.58519,-89.31591,United States,357955,190784,54368,13618,61945,115221,697.97,20.55,120.15,26.71,81.28,349307,44950,860,10027,102,234,9415,56317
862,Sacramento-Stockton-Modesto,Sacramento-Stockton-Modesto,19659.67011,37.75508,-120.98935,United States,3257693,1518075,65482,88721,450605,978749,849.54,25,146.19,32.58,98.57,2129501,289244,24651,513002,23388,6074,165093,1196698
576,Salisbury,Salisbury,2703.27712,38.44279,-75.69157,United States,343447,179615,56226,9598,60737,109280,692.45,20.42,118.99,26.46,80.99,303173,80563,1416,7954,109,658,8548,30928
770,Salt Lake City,Salt Lake City,139549.5147,39.29641,-112.26167,United States,2286361,1062329,68976,43225,263258,755846,823.88,24.17,142.02,31.6,95.28,2591840,44548,25019,82346,23644,6508,70825,460667
661,San Angelo,San Angelo,14249.70291,30.80775,-100.7406,United States,114362,59036,50372,3096,20478,35462,663.56,19.54,114.27,25.41,77.18,81289,5282,547,1628,90,258,1956,59960
641,San Antonio,San Antonio,29769.22226,28.58371,-99.16074,United States,2070121,956194,58649,57728,315771,582695,762.48,22.43,131.34,29.24,88.43,964725,178207,6947,65721,2479,5006,34401,1561230
825,San Diego,San Diego,4240.96963,32.771,-116.83842,United States,2583107,1163765,75397,59762,362361,741642,966.52,28.44,166.32,37.11,111.93,1532820,173424,13137,400739,13540,6032,107083,1105793
807,San Francisco-Oakland-San Jose,San Francisco-Oakland-San Jose,11139.39502,38.44774,-122.61549,United States,6019614,2766578,101748,264297,847473,1654808,1349.32,39.74,231.86,51.79,156.71,3075868,462557,23344,2028149,36727,30621,260463,1766708
855,Santa Barbara-Santa Maria-San Luis Obisp,Santa Barbara-Santa Maria-San Luis Obispo,6071.20104,35.08402,-120.39417,United States,568468,255995,71358,13404,75810,166781,912.32,26.89,156.77,34.98,106.06,392854,15003,3086,35528,1010,1037,16753,262196
507,Savannah,Savannah,9324.12023,32.16814,-81.67551,United States,745254,383101,52352,23273,129034,230794,666.75,19.63,114.78,25.54,77.54,572829,287429,2235,17815,910,2330,17202,76740
819,Seattle-Tacoma,Seattle-Tacoma,26080.99703,46.44775,-121.84196,United States,4161290,2104801,76685,153257,639982,1311562,973.44,28.64,167.5,37.34,112.96,3620966,265068,50126,585802,32066,8960,250025,545893
657,Sherman-Ada,Sherman-Ada,8836.40661,33.91603,-96.2501,United States,248611,130483,47566,7268,42405,80810,619.49,18.24,106.65,23.71,72.13,235991,15979,18577,3672,73,334,25047,31574
612,Shreveport,Shreveport,19518.73118,31.85244,-93.93652,United States,761106,409507,42867,30645,142415,236447,602.89,17.76,103.83,23.07,70.2,594843,306516,9165,11110,438,1196,20439,74278
624,Sioux City,Sioux City,13400.03667,42.6216,-96.37633,United States,304106,164545,56329,8661,44868,111016,716.75,21.08,123.38,27.43,83.38,333904,7678,5519,7660,309,374,8285,46655
725,Sioux Falls,Sioux Falls,49034.34006,43.18896,-98.44426,United States,520716,279436,57852,14531,78067,186838,726.54,21.36,125.13,27.83,84.35,589055,16746,23987,13259,180,1432,27877,32332
588,South Bend-Elkhart,South Bend-Elkhart,4520.03965,40.99918,-86.06242,United States,667923,350956,52729,27156,112466,211334,667.18,19.63,114.89,25.53,77.69,705398,75951,2879,15013,380,663,18400,80184
881,Spokane,Spokane,52804.33452,46.57999,-117.60299,United States,910959,474697,52450,28058,133394,313245,668.69,19.68,115.09,25.61,77.73,974853,16641,17430,23167,2227,1664,40417,111790
619,Springfield (MO),Springfield (MO),21299.99465,36.37583,-92.55039,United States,850747,456476,44179,23647,143859,288970,568.14,16.73,97.8,21.73,66.2,988021,22756,6597,13187,824,443,24122,45630
543,Springfield-Holyoke,Springfield-Holyoke,1901.10311,42.14063,-72.60494,United States,552369,274462,58966,30863,101840,141759,770.02,22.71,132.44,29.48,89.81,491276,48251,1177,23335,180,554,12528,122536
638,St Joseph,St Joseph,1672.33486,40,-94.77188,United States,97015,49052,51952,3468,16255,29329,622.26,18.32,107.15,23.82,72.41,106843,7113,485,1590,152,44,2670,6796
609,St Louis,St Louis,17976.01592,38.32435,-90.13904,United States,2456274,1313922,60097,96522,423061,794339,790.82,23.27,136.15,30.28,91.97,2422801,531389,6786,78450,1046,2173,57752,97834
555,Syracuse,Syracuse,5446.63719,42.98489,-76.07552,United States,784819,407971,57778,45330,147217,215424,727.48,21.45,125.17,27.85,84.84,825641,69083,4610,35433,232,862,22500,40408
530,Tallahassee-Thomasville,Tallahassee-Thomasville,10624.38543,29.99031,-83.72367,United States,588900,299224,45518,20284,105146,173794,613.02,18.06,105.62,23.48,71.25,435515,239311,2294,15726,286,1050,12393,48740
539,Tampa-St Petersburg,Tampa-St Petersburg,8349.56309,27.9989,-81.89549,United States,3874379,2016546,52388,123678,854201,1038667,690.18,20.37,118.67,26.39,80.71,3230211,546614,11644,144435,2495,6083,82646,859486
581,Terre Haute,Terre Haute,5961.95727,39.2814,-87.52243,United States,293333,151239,48710,9867,46515,94857,617.84,18.19,106.38,23.63,71.97,345540,14449,850,3924,87,257,5433,9353
547,Toledo,Toledo,5555.03094,41.4838,-83.75874,United States,810025,437815,53311,32379,144386,261050,684.75,20.16,117.9,26.21,79.7,846776,98469,2200,14205,201,652,19821,71759
605,Topeka,Topeka,11849.47315,39.02002,-96.55585,United States,352882,191049,53195,11871,56475,122703,662.9,19.5,114.19,25.4,76.95,365798,27994,4068,9834,521,255,14570,45173
540,Traverse City-Cadillac,Traverse City-Cadillac,15561.53874,44.99696,-84.94863,United States,490930,263090,48603,16012,88414,158664,625,18.42,107.48,23.86,73.17,556643,11011,9916,4249,137,264,17690,15664
531,Tri-Cities (TN-VA),Tri-Cities (TN-VA),7195.889,37.11043,-82.46852,United States,639781,346703,41560,22322,108237,216144,579.36,17.07,99.69,22.14,67.63,744461,21215,1644,6072,118,367,9970,17829
789,Tucson-Sierra Vista,Tucson-Sierra Vista,16658.63929,31.92318,-111.19086,United States,919837,487136,50829,37017,176412,273707,688.93,20.32,118.48,26.37,80.4,608766,43470,18174,34556,1658,3143,25876,455578
671,Tulsa,Tulsa,17262.61058,35.42881,-95.76866,United States,1053832,570005,51064,32284,188151,349570,669.89,19.71,115.39,25.65,77.86,914154,99699,106598,28679,576,3486,144404,118055
760,Twin Falls,Twin Falls,10456.01116,42.31627,-114.0437,United States,137504,71159,50031,2696,18287,50176,621.35,18.26,107.04,23.8,72.06,140254,1241,1086,2174,155,396,2540,46436
709,Tyler-Longview,Tyler-Longview,9271.14678,31.24336,-94.68597,United States,554187,280351,47750,14353,97201,168797,625.11,18.41,107.63,23.93,72.77,462786,121988,2867,9395,190,924,10791,132417
526,Utica,Utica,2868.80393,42.65376,-75.02531,United States,210960,110802,52936,12136,41430,57236,664.79,19.62,114.33,25.42,77.74,225627,14068,456,9683,51,193,4443,13164
626,Victoria,Victoria,890.1706,28.55377,-96.97398,United States,67411,34830,58132,1997,11801,21032,746.59,21.98,128.54,28.61,86.74,41396,5656,211,1337,16,193,819,42630
625,Waco-Temple-Bryan,Waco-Temple-Bryan,12233.149,31.07912,-97.35216,United States,792619,401748,51167,21805,132232,247711,640.7,18.84,110.48,24.58,74.16,578510,171409,3962,32526,3072,1395,23871,252485
511,Washington DC,Washington DC,12798.79049,38.42184,-77.86299,United States,5378657,2609994,95570,244012,845233,1520749,1192.53,35.09,205.14,45.75,138.47,3557259,1649606,15466,672923,3794,14229,191876,976297
549,Watertown,Watertown,5371.71527,43.87818,-75.48631,United States,190968,97312,51961,8441,33780,55091,646.41,19.04,111.34,24.75,75.24,217242,10394,1268,3538,294,246,4997,11478
705,Wausau-Rhinelander,Wausau-Rhinelander,11229.17416,43.97424,-89.67567,United States,344337,189073,54287,9725,56637,122711,689.4,20.29,118.66,26.36,80.34,397562,4383,3597,12707,148,196,7265,11927
548,West Palm Beach-Fort Pierce,West Palm Beach-Fort Pierce,4865.49019,26.56161,-80.62249,United States,1717209,869459,56739,48851,362661,457947,814.1,24.03,139.83,31.11,95.37,1269386,361725,3733,54260,800,3763,28726,426880
554,Wheeling-Steubenville,Wheeling-Steubenville,3445.01885,39.96655,-81.04352,United States,258543,138546,46388,12360,45438,80748,611.45,18.03,105.13,23.36,71.56,301623,10671,409,1713,35,210,5183,4281
627,Wichita Falls-Lawton,Wichita Falls-Lawton,13819.7138,33.71416,-99.00142,United States,318190,166195,48438,9580,56570,100045,630.14,18.55,108.56,24.14,73.21,282281,40324,9238,7825,673,363,16399,64576
678,Wichita-Hutchinson,Wichita-Hutchinson,57166.88007,37.38665,-99.0051,United States,888690,483357,53394,25558,144650,313149,668.46,19.66,115.15,25.6,77.62,891796,61103,8064,32465,640,803,29414,180022
577,Wilkes Barre-Scranton,Wilkes Barre-Scranton,10636.12058,40.85166,-76.53007,United States,1173642,607446,52815,49216,209993,348237,651.82,19.21,112.14,24.92,76.11,1270608,67491,2050,20700,303,875,19855,94697
550,Wilmington,Wilmington,3781.4745,34.36166,-78.30267,United States,411376,223377,51179,11597,73312,138468,654.33,19.28,112.54,25.03,76.3,380750,85048,3428,5850,185,1339,8760,28379
810,Yakima-Pasco-Richland-Kennewick,Yakima-Pasco-Richland-Kennewick,16207.48174,46.55744,-119.74843,United States,530987,257299,57720,14012,67539,175748,730.42,21.47,125.79,28,84.68,428087,11744,11773,14971,833,2183,16720,254939
536,Youngstown,Youngstown,2274.45583,40.73154,-80.54341,United States,501229,269478,46838,20324,94061,155093,629.39,18.56,108.28,24.05,73.54,536400,62166,970,4949,101,528,11318,19871
771,Yuma-El Centro,Yuma-El Centro,10006.18793,32.75163,-114.71975,United States,283162,125258,46397,7772,43303,74183,588.67,17.34,101.33,22.54,68.52,88764,9828,2857,5791,296,527,3714,281848
596,Zanesville,Zanesville,671.83698,39.96124,-81.9625,United States,62118,33423,46356,2511,10318,20594,577.34,17,99.4,22.09,67.23,73802,3398,163,476,16,119,2229,1107
