date,region,location,Number of consumer units (in thousands),Income before taxes ,Age of reference person,Persons,Children under 18,Persons 65 and over,Earners,Vehicles,  Percent homeowner,Average annual expenditures, Food,  Food at home,   Cereals and bakery products,"   Meats, poultry, fish, and eggs",   Dairy products,   Fruits and vegetables,   Other food at home,  Food away from home, Alcoholic beverages, Housing,  Shelter,   Owned dwellings,   Rented dwellings,   Other lodging,"  Utilities, fuels, and public services",  Household operations,  Housekeeping supplies,  Household furnishings and equipment, Apparel and services, Transportation,  Vehicle purchases (net outlay),  Gasoline and motor oil,  Other vehicle expenses,Public and other transportation, Health care, Entertainment, Personal care products and services, Reading, Education, Tobacco products and smoking supplies, Miscellaneous,Cash contributions, Personal insurance and pensions,  Life and other personal insurance,  Pensions and Social Security
2008-2009,midwest,All consumer units in the Midwest,27661.00,60488.00,48.80,2.40,0.60,0.30,1.30,2.10,68.00,47201.00,5998.00,3605.00,496.00,756.00,420.00,604.00,1329.00,2393.00,434.00,15331.00,8840.00,6205.00,1993.00,642.00,3474.00,822.00,680.00,1515.00,1540.00,8035.00,2897.00,2300.00,2423.00,415.00,3160.00,2693.00,544.00,115.00,1066.00,382.00,761.00,1694.00,5446.00,323.00,5124.00
2008-2009,midwest,Chicago,3498.00,74887.00,49.80,2.60,0.60,0.30,1.40,1.80,71.00,56947.00,7037.00,4250.00,584.00,960.00,434.00,766.00,1506.00,2787.00,510.00,20620.00,13116.00,9379.00,2771.00,966.00,4052.00,1133.00,624.00,1695.00,2206.00,8840.00,3101.00,2364.00,2636.00,739.00,3485.00,2861.00,711.00,114.00,1486.00,362.00,863.00,1897.00,5953.00,313.00,5640.00
2008-2009,midwest,Detroit,2211.00,62489.00,50.40,2.40,0.60,0.30,1.20,2.00,72.00,49397.00,6412.00,3944.00,540.00,849.00,435.00,670.00,1450.00,2467.00,367.00,16344.00,9635.00,6658.00,2200.00,777.00,3791.00,933.00,597.00,1388.00,1678.00,9463.00,2793.00,2624.00,3674.00,373.00,2672.00,2742.00,614.00,110.00,1270.00,504.00,943.00,1327.00,4952.00,270.00,4682.00
2008-2009,midwest,Minneapolis-St.Paul,1508.00,73696.00,46.70,2.30,0.50,0.20,1.40,2.30,71.00,56340.00,6887.00,3942.00,518.00,809.00,489.00,666.00,1461.00,2945.00,683.00,19164.00,11852.00,8555.00,2557.00,740.00,3513.00,965.00,730.00,2104.00,1864.00,8833.00,2911.00,2350.00,2973.00,598.00,3314.00,3217.00,733.00,128.00,871.00,328.00,832.00,2518.00,6969.00,333.00,6636.00
2008-2009,midwest,Cleveland,1072.00,61611.00,53.70,2.40,0.50,0.30,1.40,1.90,71.00,45844.00,5737.00,3642.00,492.00,861.00,420.00,596.00,1274.00,2094.00,424.00,15483.00,8820.00,5716.00,2286.00,818.00,3837.00,796.00,658.00,1372.00,1550.00,7010.00,2098.00,2049.00,2409.00,454.00,3315.00,2423.00,460.00,113.00,1152.00,397.00,796.00,1389.00,5593.00,311.00,5282.00
2009-2010,midwest,All consumer units in the Midwest,27267.00,59170.00,49.00,2.40,0.60,0.30,1.30,2.10,69.00,45918.00,5884.00,3629.00,505.00,740.00,403.00,643.00,1339.00,2255.00,399.00,14936.00,8636.00,6016.00,1967.00,653.00,3418.00,819.00,658.00,1405.00,1468.00,7437.00,2665.00,2019.00,2330.00,423.00,3268.00,2588.00,528.00,106.00,1128.00,395.00,786.00,1637.00,5355.00,362.00,4994.00
2009-2010,midwest,Chicago,3523.00,75163.00,49.60,2.60,0.70,0.30,1.40,1.80,70.00,57022.00,7200.00,4433.00,615.00,956.00,433.00,875.00,1555.00,2767.00,411.00,20537.00,13218.00,9404.00,2760.00,1054.00,3969.00,1075.00,676.00,1598.00,1985.00,8662.00,3025.00,2157.00,2637.00,843.00,3500.00,3095.00,703.00,111.00,1587.00,332.00,768.00,1815.00,6315.00,403.00,5912.00
2009-2010,midwest,Detroit,2187.00,64062.00,50.30,2.50,0.60,0.30,1.20,2.00,70.00,50608.00,6058.00,3947.00,546.00,857.00,405.00,709.00,1429.00,2111.00,360.00,16489.00,9665.00,6664.00,2230.00,771.00,3911.00,958.00,618.00,1336.00,1645.00,9460.00,3414.00,2212.00,3440.00,394.00,2871.00,2810.00,601.00,108.00,1550.00,495.00,1320.00,1536.00,5305.00,322.00,4983.00
2009-2010,midwest,Minneapolis-St.Paul,1520.00,73575.00,45.70,2.40,0.60,0.20,1.50,2.40,71.00,54420.00,6927.00,4183.00,582.00,802.00,517.00,775.00,1508.00,2744.00,776.00,18291.00,11045.00,7846.00,2343.00,856.00,3336.00,1187.00,754.00,1968.00,1617.00,7482.00,2173.00,2134.00,2522.00,652.00,3668.00,2922.00,675.00,125.00,1596.00,342.00,827.00,2098.00,7073.00,365.00,6708.00
2009-2010,midwest,Cleveland,1115.00,59142.00,53.20,2.50,0.60,0.30,1.30,2.00,68.00,44561.00,5534.00,3264.00,474.00,657.00,371.00,560.00,1201.00,2270.00,398.00,14720.00,8337.00,5323.00,2482.00,532.00,3680.00,647.00,626.00,1430.00,1349.00,6931.00,2032.00,1706.00,2774.00,418.00,2824.00,2598.00,533.00,92.00,1198.00,467.00,769.00,1470.00,5680.00,277.00,5403.00
2010-2011,midwest,All consumer units in the Midwest,27052.00,59659.00,49.10,2.40,0.60,0.30,1.30,2.00,68.00,46247.00,5987.00,3709.00,523.00,754.00,398.00,682.00,1352.00,2278.00,383.00,14847.00,8461.00,5797.00,2050.00,614.00,3451.00,904.00,639.00,1392.00,1549.00,7669.00,2605.00,2371.00,2254.00,440.00,3443.00,2534.00,550.00,112.00,1124.00,373.00,769.00,1632.00,5275.00,340.00,4934.00
2010-2011,midwest,Chicago,3489.00,76917.00,49.60,2.70,0.70,0.30,1.50,1.80,69.00,57579.00,7158.00,4276.00,602.00,904.00,404.00,903.00,1465.00,2882.00,439.00,20520.00,13063.00,8770.00,3156.00,1137.00,3981.00,1332.00,666.00,1478.00,2056.00,8342.00,2624.00,2445.00,2412.00,861.00,4085.00,3100.00,726.00,123.00,1776.00,263.00,794.00,1595.00,6602.00,402.00,6201.00
2010-2011,midwest,Detroit,2079.00,65060.00,50.10,2.50,0.60,0.30,1.20,2.10,70.00,50467.00,6329.00,4034.00,573.00,837.00,406.00,782.00,1436.00,2295.00,445.00,16267.00,9341.00,6455.00,2240.00,646.00,4036.00,891.00,631.00,1368.00,1448.00,8790.00,2705.00,2606.00,2956.00,523.00,3178.00,2673.00,580.00,121.00,1474.00,410.00,1359.00,1646.00,5747.00,334.00,5413.00
2010-2011,midwest,Minneapolis-St.Paul,1532.00,66789.00,46.70,2.40,0.60,0.20,1.40,2.40,72.00,54457.00,6767.00,4332.00,632.00,818.00,553.00,799.00,1529.00,2436.00,723.00,17586.00,10252.00,7407.00,2174.00,671.00,3315.00,1260.00,883.00,1877.00,1665.00,8808.00,2908.00,2538.00,2818.00,545.00,4008.00,3158.00,676.00,141.00,1578.00,288.00,727.00,1738.00,6592.00,348.00,6244.00
2010-2011,midwest,Cleveland,1146.00,58358.00,54.80,2.30,0.50,0.40,1.20,1.90,70.00,45768.00,5665.00,3253.00,466.00,600.00,331.00,578.00,1278.00,2412.00,397.00,14653.00,8554.00,5569.00,2315.00,670.00,3434.00,577.00,728.00,1360.00,1657.00,7815.00,2598.00,2086.00,2572.00,559.00,2849.00,2671.00,626.00,103.00,1227.00,334.00,692.00,1769.00,5309.00,279.00,5030.00
2011-2012,midwest,"All consumer
units in the
Midwest",27345.00,63076.00,49.40,2.40,0.60,0.30,1.30,2.00,68.00,47903.00,6315.00,3874.00,550.00,794.00,415.00,712.00,1403.00,2441.00,412.00,14969.00,8470.00,5667.00,2218.00,585.00,3471.00,954.00,616.00,1459.00,1594.00,8361.00,3012.00,2673.00,2233.00,443.00,3733.00,2528.00,577.00,115.00,1137.00,353.00,786.00,1764.00,5259.00,316.00,4944.00
2011-2012,midwest,Chicago,3489.00,74390.00,49.80,2.60,0.70,0.30,1.40,1.80,67.00,57706.00,7122.00,4187.00,596.00,878.00,400.00,862.00,1451.00,2935.00,503.00,20124.00,12762.00,8221.00,3540.00,1001.00,3897.00,1452.00,584.00,1429.00,2059.00,8656.00,2729.00,2754.00,2388.00,785.00,4380.00,2812.00,678.00,123.00,2147.00,233.00,948.00,1755.00,6167.00,425.00,5742.00
2011-2012,midwest,Detroit,1975.00,79846.00,50.90,2.40,0.60,0.30,1.20,2.10,70.00,50522.00,6741.00,4125.00,583.00,843.00,434.00,830.00,1434.00,2616.00,470.00,15994.00,8968.00,6017.00,2308.00,643.00,3850.00,1067.00,637.00,1471.00,1505.00,9473.00,3046.00,2968.00,2828.00,632.00,3301.00,2561.00,655.00,126.00,992.00,416.00,850.00,1811.00,5627.00,252.00,5375.00
2011-2012,midwest,"Minneapolis-
St. Paul",1464.00,66784.00,47.50,2.50,0.60,0.30,1.50,2.30,72.00,56669.00,7127.00,4392.00,639.00,904.00,521.00,735.00,1594.00,2735.00,663.00,18002.00,10359.00,7409.00,2245.00,705.00,3376.00,1111.00,803.00,2353.00,1827.00,9897.00,3175.00,3019.00,3214.00,489.00,4493.00,3188.00,782.00,167.00,1177.00,254.00,882.00,1847.00,6363.00,273.00,6090.00
2011-2012,midwest,Cleveland,1194.00,65881.00,56.80,2.20,0.40,0.40,1.20,1.80,70.00,47992.00,5892.00,3409.00,477.00,726.00,368.00,597.00,1241.00,2482.00,367.00,15291.00,9061.00,5922.00,2278.00,860.00,3479.00,830.00,698.00,1222.00,1580.00,8534.00,3380.00,2335.00,2291.00,529.00,3188.00,2672.00,575.00,109.00,1158.00,251.00,542.00,2083.00,5751.00,319.00,5432.00
2008-2009,northeast,All consumer units in the Northeast,22379.00,71085.00,51.10,2.40,0.50,0.30,1.30,1.70,65.00,54399.00,6967.00,4032.00,571.00,919.00,448.00,738.00,1355.00,2935.00,462.00,19434.00,11984.00,7700.00,3288.00,995.00,4106.00,1186.00,652.00,1505.00,1878.00,8510.00,2721.00,2086.00,2979.00,723.00,3083.00,2863.00,620.00,141.00,1648.00,382.00,886.00,1527.00,6000.00,367.00,5632.00
2008-2009,northeast,New York,8751.00,81509.00,50.80,2.50,0.60,0.30,1.30,1.40,58.00,60273.00,7420.00,4066.00,558.00,987.00,449.00,799.00,1273.00,3354.00,498.00,23624.00,15482.00,9449.00,4859.00,1173.00,4309.00,1548.00,643.00,1642.00,2292.00,8495.00,2321.00,1943.00,3137.00,1093.00,3027.00,2828.00,686.00,110.00,2043.00,223.00,920.00,1515.00,6591.00,415.00,6176.00
2008-2009,northeast,Philadelphia,2600.00,76612.00,51.10,2.50,0.60,0.40,1.30,1.70,69.00,56790.00,6460.00,3805.00,526.00,889.00,438.00,681.00,1271.00,2655.00,455.00,21135.00,13597.00,9319.00,2965.00,1313.00,4444.00,1021.00,694.00,1379.00,1824.00,8202.00,2037.00,2240.00,3156.00,769.00,3036.00,2873.00,655.00,142.00,2252.00,396.00,879.00,2171.00,6309.00,317.00,5992.00
2008-2009,northeast,Boston,2837.00,75729.00,50.00,2.40,0.60,0.30,1.40,1.70,66.00,59227.00,8167.00,4905.00,699.00,1107.00,533.00,861.00,1704.00,3262.00,641.00,20802.00,12857.00,8403.00,3372.00,1081.00,4248.00,1460.00,598.00,1639.00,1910.00,8591.00,2818.00,2125.00,2913.00,735.00,3453.00,3083.00,657.00,203.00,2184.00,474.00,908.00,1337.00,6817.00,327.00,6490.00
2009-2010,northeast,All consumer units in the Northeast,22319.00,70077.00,50.90,2.40,0.60,0.40,1.30,1.70,64.00,53336.00,6866.00,3977.00,561.00,890.00,434.00,752.00,1341.00,2889.00,498.00,19189.00,11859.00,7471.00,3571.00,816.00,4040.00,1144.00,629.00,1516.00,1931.00,7932.00,2554.00,1845.00,2835.00,698.00,3128.00,2728.00,602.00,133.00,1664.00,410.00,865.00,1506.00,5885.00,350.00,5535.00
2009-2010,northeast,New York,8962.00,78441.00,50.30,2.60,0.60,0.30,1.40,1.40,57.00,58942.00,7412.00,4071.00,565.00,959.00,446.00,811.00,1290.00,3341.00,555.00,23238.00,15321.00,9086.00,5340.00,896.00,4323.00,1454.00,623.00,1518.00,2476.00,7944.00,2098.00,1741.00,3029.00,1076.00,3016.00,2658.00,677.00,114.00,1940.00,251.00,749.00,1586.00,6325.00,381.00,5944.00
2009-2010,northeast,Philadelphia,2561.00,69603.00,50.90,2.40,0.50,0.30,1.20,1.60,69.00,52041.00,6217.00,3702.00,523.00,847.00,419.00,676.00,1237.00,2515.00,431.00,19690.00,12268.00,8209.00,3095.00,964.00,4316.00,1013.00,642.00,1451.00,1817.00,6960.00,1788.00,1802.00,2746.00,624.00,2950.00,2618.00,627.00,121.00,1801.00,388.00,1293.00,1609.00,5519.00,300.00,5220.00
2009-2010,northeast,Boston,2942.00,83851.00,50.10,2.40,0.60,0.30,1.40,1.70,66.00,63063.00,8066.00,4870.00,712.00,1017.00,502.00,932.00,1708.00,3195.00,644.00,20959.00,12866.00,8233.00,3639.00,994.00,4177.00,1540.00,631.00,1745.00,1854.00,9104.00,3324.00,2056.00,3061.00,663.00,4004.00,3738.00,707.00,193.00,2550.00,534.00,1063.00,1723.00,7925.00,410.00,7515.00
2010-2011,northeast,All consumer units in the Northeast,22382.00,70083.00,50.70,2.40,0.60,0.40,1.30,1.60,63.00,53695.00,6777.00,4005.00,584.00,871.00,438.00,782.00,1329.00,2772.00,509.00,19293.00,11903.00,7536.00,3601.00,766.00,4041.00,1192.00,630.00,1527.00,1996.00,8097.00,2515.00,2209.00,2651.00,722.00,3247.00,2677.00,615.00,127.00,1619.00,368.00,884.00,1627.00,5859.00,378.00,5481.00
2010-2011,northeast,New York,9080.00,77886.00,50.30,2.60,0.60,0.30,1.30,1.30,57.00,58172.00,7371.00,4163.00,597.00,996.00,437.00,858.00,1274.00,3208.00,522.00,23154.00,15479.00,9312.00,5360.00,807.00,4273.00,1384.00,610.00,1408.00,2596.00,7843.00,1891.00,2006.00,2813.00,1133.00,3089.00,2512.00,679.00,113.00,1654.00,249.00,763.00,1473.00,6155.00,357.00,5798.00
2010-2011,northeast,Philadelphia,2527.00,67320.00,50.50,2.30,0.50,0.30,1.20,1.50,69.00,50985.00,5997.00,3577.00,529.00,734.00,411.00,625.00,1278.00,2419.00,492.00,19810.00,12008.00,8158.00,3218.00,631.00,4442.00,1201.00,701.00,1460.00,1771.00,7337.00,2289.00,2147.00,2457.00,444.00,3086.00,2385.00,600.00,136.00,1457.00,282.00,1260.00,1268.00,5105.00,248.00,4857.00
2010-2011,northeast,Boston,2947.00,85746.00,50.20,2.40,0.60,0.30,1.40,1.70,64.00,64802.00,8080.00,5089.00,780.00,1028.00,528.00,1019.00,1734.00,2991.00,736.00,21053.00,12862.00,8260.00,3499.00,1104.00,4121.00,1569.00,641.00,1859.00,1877.00,9127.00,3382.00,2489.00,2579.00,678.00,4107.00,3688.00,734.00,166.00,2542.00,479.00,1267.00,2672.00,8276.00,437.00,7839.00
2011-2012,northeast,"All consumer
units in the
Northeast",22498.00,71884.00,50.80,2.40,0.60,0.40,1.30,1.60,63.00,55215.00,6881.00,4077.00,598.00,890.00,446.00,805.00,1339.00,2804.00,513.00,19650.00,12153.00,7561.00,3752.00,840.00,4038.00,1351.00,619.00,1490.00,1869.00,8645.00,2790.00,2506.00,2566.00,783.00,3470.00,2678.00,631.00,132.00,1704.00,355.00,898.00,1803.00,5985.00,369.00,5615.00
2011-2012,northeast,New York,8922.00,80222.00,50.50,2.60,0.60,0.40,1.30,1.30,56.00,58658.00,7274.00,4185.00,601.00,1004.00,438.00,870.00,1272.00,3089.00,448.00,23315.00,15631.00,9208.00,5536.00,887.00,4211.00,1543.00,603.00,1327.00,2281.00,8031.00,2031.00,2208.00,2650.00,1142.00,3294.00,2474.00,692.00,104.00,1790.00,259.00,842.00,1502.00,6352.00,363.00,5990.00
2011-2012,northeast,Philadelphia,2599.00,71691.00,51.20,2.30,0.50,0.30,1.20,1.40,67.00,53546.00,6788.00,3909.00,605.00,817.00,446.00,697.00,1344.00,2879.00,548.00,20302.00,12204.00,8221.00,3317.00,666.00,4465.00,1432.00,720.00,1481.00,1889.00,7688.00,2266.00,2424.00,2518.00,480.00,3408.00,2739.00,652.00,159.00,1346.00,282.00,701.00,1693.00,5352.00,210.00,5142.00
2011-2012,northeast,Boston,2918.00,79833.00,50.50,2.40,0.60,0.40,1.40,1.70,63.00,64982.00,8563.00,5408.00,814.00,1101.00,569.00,1104.00,1819.00,3155.00,813.00,20637.00,12583.00,7749.00,3548.00,1286.00,4046.00,1526.00,606.00,1875.00,2022.00,9610.00,3338.00,2787.00,2593.00,893.00,4135.00,3485.00,710.00,166.00,2306.00,451.00,1315.00,3251.00,7518.00,373.00,7144.00
2008-2009,south,All consumer units in the South,43758.00,58761.00,49.40,2.50,0.60,0.30,1.30,1.90,68.00,46287.00,6026.00,3488.00,471.00,836.00,380.00,580.00,1221.00,2539.00,379.00,15332.00,8502.00,5628.00,2329.00,544.00,3701.00,940.00,656.00,1533.00,1779.00,7941.00,2669.00,2519.00,2431.00,322.00,2940.00,2489.00,586.00,86.00,808.00,359.00,755.00,1718.00,5087.00,310.00,4777.00
2008-2009,south,"Washington, D.C.",2181.00,99881.00,47.60,2.60,0.70,0.20,1.50,1.90,68.00,69106.00,7835.00,4160.00,563.00,970.00,476.00,809.00,1342.00,3675.00,673.00,25622.00,16842.00,11447.00,4180.00,1216.00,3977.00,1842.00,767.00,2193.00,2687.00,9563.00,3028.00,2465.00,2864.00,1206.00,3239.00,3320.00,969.00,146.00,1853.00,220.00,969.00,2002.00,10008.00,523.00,9485.00
2008-2009,south,Baltimore,985.00,84177.00,50.40,2.40,0.50,0.30,1.40,1.90,68.00,52452.00,5931.00,3300.00,446.00,853.00,356.00,597.00,1049.00,2630.00,353.00,20795.00,13617.00,9623.00,3329.00,665.00,4209.00,879.00,860.00,1230.00,1511.00,6621.00,"a/ 1,452",2444.00,2178.00,547.00,2973.00,2591.00,650.00,80.00,1472.00,242.00,659.00,1461.00,7112.00,400.00,6712.00
2008-2009,south,Atlanta,2125.00,70931.00,46.40,2.40,0.60,0.20,1.40,1.80,67.00,45941.00,5375.00,2717.00,389.00,644.00,279.00,456.00,949.00,2658.00,324.00,17072.00,10639.00,7313.00,2857.00,469.00,3899.00,915.00,522.00,1096.00,1580.00,6760.00,1597.00,2631.00,2171.00,360.00,2417.00,2045.00,611.00,81.00,788.00,212.00,814.00,1695.00,6167.00,282.00,5885.00
2008-2009,south,Miami,1673.00,64010.00,48.20,2.60,0.60,0.30,1.30,1.40,60.00,47601.00,5803.00,3741.00,520.00,867.00,467.00,780.00,1106.00,2062.00,349.00,19016.00,12592.00,7115.00,4442.00,1036.00,3740.00,1035.00,558.00,1091.00,1677.00,8427.00,2921.00,2680.00,2318.00,508.00,1565.00,1807.00,623.00,25.00,570.00,124.00,1183.00,1762.00,4669.00,90.00,4578.00
2008-2009,south,Dallas- Fort Worth,2371.00,69055.00,45.70,2.60,0.80,0.20,1.40,1.80,61.00,53886.00,6734.00,3600.00,480.00,804.00,384.00,607.00,1325.00,3134.00,408.00,18198.00,10253.00,6248.00,3533.00,473.00,4275.00,1201.00,719.00,1749.00,2161.00,8689.00,2877.00,2616.00,2806.00,390.00,3032.00,2910.00,733.00,83.00,920.00,247.00,670.00,1996.00,7105.00,329.00,6776.00
2008-2009,south,Houston,1848.00,76652.00,46.80,2.80,0.80,0.20,1.60,1.90,66.00,59131.00,7009.00,3649.00,453.00,921.00,373.00,598.00,1305.00,3359.00,710.00,18866.00,10776.00,7326.00,2789.00,661.00,4505.00,1242.00,634.00,1710.00,2256.00,10843.00,3874.00,2980.00,3421.00,568.00,3267.00,2972.00,711.00,110.00,1041.00,329.00,1220.00,2233.00,7566.00,339.00,7227.00
2009-2010,south,All consumer units in the South,44134.00,58733.00,49.70,2.50,0.60,0.30,1.20,1.90,68.00,44978.00,5794.00,3407.00,462.00,795.00,354.00,585.00,1211.00,2386.00,347.00,15137.00,8322.00,5420.00,2357.00,546.00,3795.00,954.00,627.00,1439.00,1645.00,7496.00,2666.00,2166.00,2343.00,321.00,3036.00,2406.00,579.00,82.00,758.00,397.00,742.00,1662.00,4897.00,292.00,4605.00
2009-2010,south,"Washington, D.C.",2143.00,104658.00,46.90,2.60,0.70,0.20,1.50,1.90,67.00,70075.00,7693.00,4199.00,569.00,968.00,453.00,839.00,1370.00,3494.00,585.00,25427.00,16398.00,10630.00,4447.00,1321.00,4103.00,1769.00,791.00,2366.00,2666.00,10067.00,3363.00,2139.00,3411.00,1155.00,3554.00,3656.00,992.00,165.00,1901.00,229.00,854.00,1950.00,10336.00,412.00,9923.00
2009-2010,south,Baltimore,939.00,84537.00,52.00,2.50,0.60,0.30,1.40,1.90,69.00,52815.00,6158.00,3544.00,487.00,932.00,326.00,641.00,1159.00,2614.00,385.00,20642.00,13293.00,9147.00,3137.00,1009.00,4276.00,930.00,613.00,1530.00,1749.00,6566.00,"a/ 1,937",2123.00,2036.00,471.00,3043.00,2594.00,701.00,92.00,1641.00,291.00,546.00,1622.00,6784.00,318.00,6466.00
2009-2010,south,Atlanta,2139.00,70367.00,45.90,2.50,0.70,0.20,1.40,1.80,68.00,47502.00,5399.00,2938.00,387.00,705.00,283.00,509.00,1054.00,2461.00,365.00,17932.00,10849.00,7445.00,2990.00,415.00,4078.00,1142.00,743.00,1120.00,1668.00,7164.00,2330.00,2249.00,2148.00,438.00,2668.00,2230.00,656.00,71.00,832.00,213.00,883.00,1511.00,5911.00,231.00,5679.00
2009-2010,south,Miami,1636.00,59410.00,49.40,2.70,0.60,0.30,1.30,1.40,61.00,42266.00,5381.00,3591.00,523.00,826.00,448.00,801.00,993.00,1790.00,234.00,18407.00,12274.00,6967.00,4372.00,935.00,3737.00,928.00,452.00,1016.00,1493.00,6569.00,"a/ 1,585",2149.00,2419.00,417.00,1629.00,1562.00,601.00,21.00,567.00,141.00,622.00,745.00,4294.00,124.00,4171.00
2009-2010,south,Dallas- Fort Worth,2441.00,71972.00,45.10,2.70,0.80,0.20,1.40,1.80,60.00,52977.00,6673.00,3506.00,456.00,786.00,358.00,638.00,1267.00,3168.00,373.00,18181.00,10183.00,6336.00,3338.00,508.00,4346.00,1204.00,704.00,1744.00,2245.00,8016.00,2257.00,2452.00,2905.00,403.00,3182.00,2660.00,721.00,81.00,722.00,340.00,678.00,1989.00,7115.00,411.00,6704.00
2009-2010,south,Houston,1837.00,70713.00,47.00,2.90,0.80,0.20,1.60,2.00,68.00,56764.00,6610.00,3527.00,438.00,817.00,351.00,638.00,1283.00,3083.00,541.00,19323.00,10903.00,7499.00,2793.00,612.00,4539.00,1494.00,618.00,1770.00,2095.00,9410.00,3351.00,2471.00,3058.00,531.00,3413.00,2833.00,755.00,129.00,1176.00,341.00,1268.00,2193.00,6677.00,325.00,6352.00
2010-2011,south,All consumer units in the South,44675.00,58802.00,50.00,2.50,0.60,0.30,1.20,1.90,68.00,44978.00,5813.00,3421.00,466.00,787.00,348.00,601.00,1218.00,2393.00,356.00,14940.00,8116.00,5169.00,2429.00,518.00,3872.00,962.00,577.00,1412.00,1561.00,7929.00,2728.00,2513.00,2358.00,331.00,3101.00,2353.00,586.00,84.00,689.00,396.00,688.00,1623.00,4858.00,296.00,4562.00
2010-2011,south,"Washington, D.C.",2105.00,108724.00,48.20,2.50,0.60,0.30,1.40,1.90,67.00,72448.00,8342.00,4482.00,592.00,1011.00,466.00,875.00,1538.00,3860.00,740.00,25590.00,16628.00,10724.00,4309.00,1596.00,4254.00,1740.00,720.00,2247.00,2775.00,10889.00,3176.00,2479.00,4009.00,1224.00,4306.00,3710.00,1049.00,196.00,1300.00,232.00,1184.00,2130.00,10004.00,436.00,9568.00
2010-2011,south,Baltimore,944.00,92055.00,52.10,2.60,0.70,0.30,1.40,1.90,73.00,55363.00,6920.00,4061.00,614.00,927.00,375.00,727.00,1419.00,2859.00,372.00,20695.00,12946.00,8829.00,2921.00,1196.00,4424.00,1024.00,687.00,1615.00,1719.00,6606.00,"a/ 1,962",2401.00,1877.00,366.00,3283.00,2876.00,646.00,110.00,2173.00,260.00,456.00,1679.00,7567.00,380.00,7187.00
2010-2011,south,Atlanta,2331.00,69914.00,46.70,2.60,0.70,0.20,1.30,1.70,69.00,49692.00,5798.00,3291.00,440.00,791.00,327.00,591.00,1143.00,2507.00,431.00,18448.00,10681.00,7301.00,2879.00,502.00,4348.00,1166.00,724.00,1528.00,1644.00,7998.00,2761.00,2645.00,2060.00,533.00,2724.00,2281.00,647.00,76.00,1064.00,167.00,724.00,1624.00,6067.00,235.00,5833.00
2010-2011,south,Miami,1638.00,52934.00,51.30,2.60,0.50,0.30,1.30,1.40,57.00,38354.00,4933.00,3358.00,470.00,848.00,383.00,740.00,917.00,1575.00,228.00,15911.00,10391.00,5245.00,4813.00,334.00,3496.00,701.00,458.00,865.00,897.00,6039.00,"a/ 1,149",2268.00,2205.00,418.00,1872.00,1404.00,542.00,23.00,526.00,197.00,430.00,765.00,4585.00,138.00,4447.00
2010-2011,south,Dallas- Fort Worth,2504.00,70942.00,45.60,2.80,0.80,0.20,1.50,1.80,61.00,54628.00,6994.00,3949.00,550.00,885.00,388.00,748.00,1378.00,3045.00,383.00,18241.00,10248.00,6407.00,3371.00,470.00,4461.00,1237.00,739.00,1557.00,2260.00,9314.00,3175.00,2918.00,2833.00,388.00,3464.00,2675.00,827.00,103.00,632.00,420.00,582.00,1949.00,6783.00,384.00,6399.00
2010-2011,south,Houston,1992.00,67442.00,45.80,3.00,0.90,0.20,1.60,2.00,66.00,54659.00,6857.00,3702.00,478.00,802.00,358.00,717.00,1347.00,3155.00,430.00,18287.00,9925.00,6487.00,2853.00,585.00,4472.00,1483.00,620.00,1788.00,2218.00,9146.00,2542.00,3050.00,2975.00,578.00,3224.00,2642.00,784.00,132.00,1130.00,365.00,1125.00,2320.00,6000.00,319.00,5680.00
2011-2012,south,"All consumer
units in the
South",45620.00,59511.00,50.20,2.50,0.60,0.30,1.20,1.90,67.00,46743.00,6069.00,3579.00,483.00,825.00,370.00,625.00,1276.00,2489.00,380.00,15126.00,8205.00,5128.00,2562.00,515.00,3799.00,999.00,588.00,1535.00,1639.00,8679.00,3080.00,2829.00,2417.00,353.00,3198.00,2379.00,617.00,85.00,767.00,378.00,663.00,1657.00,5107.00,351.00,4756.00
2011-2012,south,"Washington,
D.C.",2168.00,111926.00,49.00,2.50,0.60,0.30,1.50,2.10,70.00,77943.00,9040.00,4778.00,637.00,1048.00,486.00,956.00,1651.00,4262.00,792.00,27475.00,17603.00,11510.00,4396.00,1697.00,4413.00,2238.00,788.00,2433.00,2932.00,11656.00,3890.00,2983.00,3530.00,1253.00,4584.00,3586.00,1027.00,195.00,1855.00,291.00,1448.00,2512.00,10548.00,866.00,9682.00
2011-2012,south,Baltimore,973.00,96902.00,51.10,2.60,0.70,0.30,1.30,1.80,72.00,62262.00,7904.00,4382.00,666.00,948.00,412.00,789.00,1567.00,3522.00,557.00,21031.00,12858.00,8584.00,3409.00,865.00,4307.00,1344.00,860.00,1661.00,1892.00,8532.00,"a/ 2,155",2921.00,2813.00,643.00,3706.00,3043.00,798.00,156.00,2494.00,159.00,588.00,2100.00,9303.00,526.00,8777.00
2011-2012,south,Atlanta,2348.00,71163.00,48.00,2.60,0.70,0.20,1.30,1.80,67.00,51935.00,6068.00,3657.00,501.00,837.00,347.00,735.00,1237.00,2411.00,412.00,18043.00,10179.00,6575.00,3032.00,571.00,4283.00,1199.00,549.00,1832.00,1841.00,8769.00,3061.00,3025.00,2122.00,561.00,2957.00,2273.00,640.00,86.00,1564.00,152.00,666.00,1968.00,6498.00,336.00,6163.00
2011-2012,south,Miami,1647.00,58889.00,52.10,2.50,0.50,0.40,1.30,1.30,56.00,40595.00,5548.00,3504.00,490.00,912.00,369.00,727.00,1007.00,2044.00,293.00,15592.00,10320.00,5160.00,4765.00,395.00,3316.00,593.00,543.00,819.00,1150.00,6883.00,"a/ 1,542",2523.00,2387.00,431.00,2149.00,1442.00,567.00,37.00,378.00,204.00,539.00,714.00,5100.00,235.00,4865.00
2011-2012,south,"Dallas-
Fort Worth",2510.00,70990.00,47.00,2.70,0.80,0.30,1.40,1.80,61.00,57144.00,7150.00,4141.00,569.00,980.00,416.00,735.00,1442.00,3009.00,447.00,18810.00,10565.00,6334.00,3728.00,504.00,4364.00,1429.00,716.00,1735.00,2474.00,10653.00,4087.00,3189.00,2939.00,439.00,3690.00,3025.00,799.00,104.00,784.00,382.00,488.00,1947.00,6390.00,351.00,6039.00
2011-2012,south,Houston,2130.00,73523.00,45.20,2.90,0.90,0.20,1.50,1.90,65.00,58231.00,7272.00,3939.00,530.00,864.00,371.00,744.00,1431.00,3333.00,474.00,18547.00,10244.00,6787.00,2816.00,641.00,4318.00,1328.00,594.00,2063.00,2279.00,11811.00,4356.00,3542.00,3314.00,600.00,3187.00,2892.00,838.00,113.00,819.00,377.00,989.00,2120.00,6514.00,582.00,5931.00
2008-2009,west,All consumer units in the West,27011.00,66678.00,47.90,2.60,0.70,0.30,1.40,2.00,63.00,54226.00,6970.00,4081.00,522.00,882.00,452.00,766.00,1460.00,2889.00,524.00,19404.00,12549.00,7898.00,3951.00,700.00,3356.00,1146.00,637.00,1717.00,1866.00,8227.00,2558.00,2347.00,2649.00,673.00,3093.00,3197.00,687.00,131.00,960.00,268.00,965.00,1954.00,5981.00,263.00,5717.00
2008-2009,west,Los Angeles,5117.00,68749.00,48.90,2.80,0.70,0.30,1.40,1.80,53.00,56529.00,7531.00,4260.00,511.00,996.00,438.00,864.00,1451.00,3271.00,504.00,21811.00,14938.00,8271.00,6086.00,580.00,3257.00,1370.00,643.00,1603.00,2140.00,8784.00,2513.00,2667.00,2989.00,615.00,2620.00,2599.00,710.00,108.00,895.00,202.00,909.00,1659.00,6058.00,259.00,5799.00
2008-2009,west,San Francisco,2909.00,91330.00,46.90,2.50,0.60,0.20,1.40,1.80,55.00,67730.00,7952.00,4280.00,565.00,891.00,476.00,920.00,1427.00,3672.00,714.00,26064.00,19096.00,11227.00,6508.00,1361.00,3139.00,1344.00,585.00,1899.00,2413.00,9535.00,2748.00,2235.00,3252.00,1300.00,3319.00,3247.00,909.00,150.00,1555.00,188.00,958.00,2029.00,8697.00,255.00,8443.00
2008-2009,west,San Diego,1086.00,67554.00,47.00,2.30,0.50,0.30,1.20,1.50,53.00,53820.00,6541.00,3644.00,453.00,726.00,397.00,785.00,1283.00,2897.00,647.00,22207.00,15146.00,7741.00,6973.00,432.00,2989.00,1571.00,678.00,1823.00,2407.00,7171.00,"a/ 1,941",2412.00,2373.00,445.00,2249.00,2459.00,685.00,83.00,720.00,101.00,666.00,1484.00,6399.00,224.00,6175.00
2008-2009,west,Seattle,1910.00,79874.00,47.50,2.30,0.50,0.20,1.40,2.60,63.00,66015.00,8082.00,4596.00,614.00,865.00,539.00,842.00,1736.00,3486.00,839.00,22029.00,13829.00,8727.00,4069.00,1033.00,3554.00,1592.00,741.00,2312.00,2464.00,9380.00,3395.00,2454.00,2589.00,943.00,3684.00,4463.00,833.00,218.00,1070.00,342.00,1490.00,2918.00,8202.00,408.00,7794.00
2008-2009,west,Phoenix,1633.00,65128.00,46.10,2.70,0.80,0.20,1.40,1.90,70.00,53618.00,6402.00,3596.00,464.00,800.00,362.00,608.00,1363.00,2806.00,503.00,18698.00,11185.00,7695.00,2918.00,573.00,3892.00,1174.00,633.00,1813.00,1793.00,9330.00,2887.00,2658.00,3275.00,509.00,3326.00,3814.00,868.00,98.00,473.00,340.00,884.00,1814.00,5274.00,179.00,5095.00
2009-2010,west,All consumer units in the West,27257.00,66475.00,48.20,2.60,0.70,0.30,1.30,2.00,61.00,53220.00,6854.00,3969.00,525.00,851.00,415.00,759.00,1419.00,2886.00,511.00,19073.00,12307.00,7538.00,4074.00,694.00,3338.00,1178.00,631.00,1619.00,1888.00,7960.00,2566.00,2103.00,2648.00,644.00,3197.00,2815.00,654.00,116.00,1035.00,272.00,1000.00,1885.00,5959.00,271.00,5688.00
2009-2010,west,Los Angeles,5540.00,69782.00,48.30,2.90,0.70,0.30,1.40,1.80,52.00,54576.00,7182.00,3942.00,489.00,883.00,388.00,828.00,1353.00,3240.00,491.00,20584.00,14126.00,7433.00,6070.00,623.00,3049.00,1325.00,597.00,1487.00,2340.00,8540.00,2260.00,2334.00,3339.00,608.00,2478.00,2416.00,646.00,92.00,1112.00,196.00,804.00,1550.00,6145.00,233.00,5912.00
2009-2010,west,San Francisco,2910.00,90270.00,47.10,2.50,0.60,0.20,1.40,1.80,54.00,67360.00,7920.00,4214.00,576.00,843.00,457.00,920.00,1418.00,3706.00,676.00,26268.00,19190.00,11194.00,6573.00,1423.00,3207.00,1498.00,611.00,1762.00,2230.00,8509.00,2457.00,1931.00,3058.00,1062.00,3461.00,3116.00,782.00,158.00,1754.00,153.00,1077.00,2020.00,9237.00,276.00,8961.00
2009-2010,west,San Diego,1193.00,76848.00,47.00,2.40,0.50,0.30,1.30,1.60,50.00,52012.00,5831.00,3319.00,447.00,663.00,347.00,717.00,1146.00,2512.00,581.00,21679.00,15305.00,7877.00,6989.00,439.00,3114.00,1352.00,547.00,1362.00,2398.00,6963.00,1819.00,2246.00,2461.00,438.00,2370.00,2278.00,681.00,79.00,754.00,132.00,536.00,1447.00,6283.00,234.00,6049.00
2009-2010,west,Seattle,1861.00,80701.00,47.20,2.30,0.50,0.30,1.40,2.40,62.00,65317.00,7174.00,3842.00,547.00,762.00,399.00,717.00,1417.00,3332.00,839.00,21627.00,13453.00,8530.00,3754.00,1168.00,3611.00,1836.00,637.00,2089.00,2330.00,10054.00,4463.00,2046.00,2443.00,1102.00,3922.00,4480.00,878.00,169.00,1310.00,397.00,1325.00,3056.00,7754.00,376.00,7378.00
2009-2010,west,Phoenix,1536.00,54986.00,46.20,2.60,0.70,0.20,1.30,1.90,67.00,49016.00,6583.00,3690.00,472.00,827.00,347.00,620.00,1424.00,2893.00,519.00,16480.00,9476.00,6215.00,2718.00,543.00,3742.00,1005.00,759.00,1499.00,2421.00,8008.00,2561.00,2202.00,2828.00,417.00,2995.00,3096.00,792.00,81.00,311.00,408.00,741.00,1675.00,4907.00,173.00,4733.00
2010-2011,west,All consumer units in the West,27588.00,67707.00,48.50,2.60,0.70,0.30,1.30,2.00,59.00,54112.00,6997.00,4042.00,536.00,847.00,428.00,802.00,1429.00,2955.00,553.00,19208.00,12215.00,7235.00,4212.00,768.00,3360.00,1327.00,633.00,1673.00,1928.00,8303.00,2584.00,2379.00,2668.00,673.00,3240.00,2771.00,697.00,126.00,1156.00,267.00,996.00,1850.00,6020.00,281.00,5739.00
2010-2011,west,Los Angeles,5660.00,69164.00,48.30,2.90,0.80,0.30,1.40,1.80,50.00,54321.00,7148.00,3959.00,497.00,903.00,401.00,856.00,1302.00,3189.00,611.00,20435.00,13773.00,6808.00,6235.00,731.00,3150.00,1447.00,644.00,1420.00,2234.00,8784.00,2464.00,2615.00,3079.00,626.00,2475.00,2343.00,712.00,95.00,1388.00,160.00,731.00,1308.00,5896.00,235.00,5661.00
2010-2011,west,San Francisco,3027.00,95724.00,48.00,2.50,0.60,0.30,1.40,1.90,53.00,71613.00,8260.00,4301.00,567.00,895.00,424.00,991.00,1424.00,3959.00,699.00,26990.00,19182.00,11051.00,6594.00,1537.00,3318.00,2201.00,604.00,1684.00,2123.00,9348.00,2351.00,2340.00,3417.00,1241.00,3759.00,3328.00,789.00,186.00,1985.00,180.00,1307.00,2476.00,10181.00,307.00,9874.00
2010-2011,west,San Diego,1177.00,81296.00,47.20,2.60,0.60,0.30,1.40,1.70,50.00,53031.00,5861.00,3150.00,376.00,643.00,319.00,656.00,1156.00,2712.00,660.00,21639.00,15210.00,8075.00,6694.00,441.00,3251.00,1210.00,488.00,1480.00,1871.00,7900.00,2106.00,2673.00,2651.00,469.00,2668.00,2385.00,664.00,87.00,667.00,176.00,618.00,1320.00,6517.00,138.00,6379.00
2010-2011,west,Seattle,1930.00,79155.00,46.90,2.40,0.60,0.20,1.30,2.30,61.00,61773.00,6951.00,3796.00,542.00,738.00,407.00,672.00,1436.00,3156.00,726.00,21557.00,13612.00,8557.00,3631.00,1424.00,3630.00,1677.00,688.00,1951.00,1920.00,9485.00,3390.00,2411.00,2502.00,1182.00,3681.00,3848.00,852.00,183.00,1552.00,322.00,1117.00,2292.00,7285.00,390.00,6895.00
2010-2011,west,Phoenix,1540.00,55667.00,46.80,2.50,0.80,0.30,1.20,1.80,63.00,49662.00,6433.00,3789.00,532.00,731.00,355.00,650.00,1520.00,2645.00,548.00,16641.00,9235.00,5879.00,2772.00,584.00,3832.00,1098.00,762.00,1714.00,2348.00,8372.00,3046.00,2409.00,2546.00,371.00,2566.00,3692.00,510.00,94.00,407.00,454.00,942.00,1621.00,5034.00,185.00,4849.00
2011-2012,west,"All consumer
units in the
West",27888.00,68760.00,49.00,2.60,0.60,0.30,1.30,2.00,59.00,55769.00,7217.00,4221.00,551.00,881.00,455.00,830.00,1504.00,2996.00,569.00,19237.00,12072.00,6941.00,4357.00,775.00,3433.00,1386.00,643.00,1702.00,1938.00,8886.00,2769.00,2697.00,2722.00,698.00,3507.00,2922.00,709.00,139.00,1252.00,259.00,968.00,2144.00,6023.00,301.00,5722.00
2011-2012,west,"Los
Angeles",5805.00,69562.00,48.70,2.90,0.70,0.30,1.40,1.70,49.00,55312.00,7504.00,4337.00,542.00,989.00,456.00,922.00,1428.00,3166.00,613.00,20854.00,13695.00,6723.00,6384.00,589.00,3336.00,1495.00,736.00,1591.00,2150.00,8835.00,2521.00,2951.00,2765.00,597.00,2707.00,2395.00,732.00,95.00,1471.00,149.00,915.00,1279.00,5616.00,217.00,5398.00
2011-2012,west,"San
Francisco",3127.00,98242.00,48.90,2.40,0.50,0.30,1.30,1.90,52.00,73601.00,8433.00,4525.00,562.00,1013.00,437.00,1008.00,1506.00,3908.00,705.00,25900.00,17773.00,9551.00,6884.00,1338.00,3374.00,2413.00,600.00,1741.00,2379.00,10466.00,3098.00,2550.00,3537.00,1282.00,4186.00,3384.00,827.00,198.00,1961.00,208.00,1519.00,3118.00,10316.00,397.00,9919.00
2011-2012,west,San Diego,1173.00,76358.00,50.80,2.50,0.50,0.40,1.30,1.80,53.00,56205.00,6744.00,3579.00,427.00,723.00,383.00,727.00,1321.00,3165.00,714.00,21640.00,14989.00,8003.00,6434.00,552.00,3080.00,1341.00,482.00,1749.00,2093.00,8748.00,2047.00,3030.00,3045.00,626.00,3338.00,2690.00,676.00,114.00,745.00,230.00,799.00,1394.00,6278.00,128.00,6150.00
2011-2012,west,Seattle,1951.00,74072.00,47.60,2.50,0.60,0.30,1.30,2.30,61.00,60674.00,7776.00,4580.00,625.00,874.00,482.00,849.00,1751.00,3196.00,628.00,20681.00,13123.00,8038.00,3842.00,1242.00,3654.00,1283.00,710.00,1910.00,1901.00,9526.00,3234.00,2838.00,2415.00,1040.00,3754.00,3401.00,735.00,194.00,1790.00,284.00,999.00,2447.00,6558.00,356.00,6202.00
2011-2012,west,Phoenix,1531.00,63167.00,48.10,2.50,0.70,0.30,1.20,1.60,62.00,53735.00,6985.00,4197.00,576.00,812.00,416.00,723.00,1670.00,2788.00,589.00,18679.00,10460.00,6661.00,3098.00,701.00,4055.00,1340.00,699.00,2125.00,1868.00,8548.00,2582.00,2600.00,2876.00,490.00,3102.00,4045.00,620.00,142.00,409.00,413.00,980.00,1482.00,5871.00,321.00,5550.00
2007-2008,south,All consumer units in the South,43424.00,58555.00,49.00,2.50,0.60,0.30,1.30,1.90,69.00,46149.00,5946.00,3404.00,455.00,807.00,380.00,566.00,1196.00,2543.00,386.00,15095.00,8357.00,5683.00,2185.00,488.00,3604.00,922.00,620.00,1592.00,1733.00,8484.00,2969.00,2731.00,2434.00,349.00,2825.00,2417.00,573.00,88.00,770.00,328.00,698.00,1753.00,5054.00,310.00,4744.00
2007-2008,south,"Washington, D.C.",2212.00,103756.00,47.30,2.60,0.60,0.20,1.60,1.90,70.00,70611.00,8144.00,4214.00,526.00,1017.00,475.00,792.00,1405.00,3930.00,785.00,26128.00,17167.00,12435.00,3691.00,1041.00,4001.00,1774.00,752.00,2433.00,2737.00,10452.00,3492.00,2666.00,3190.00,1103.00,2996.00,3115.00,836.00,157.00,1875.00,263.00,1254.00,2461.00,9408.00,502.00,8905.00
2007-2008,south,Baltimore,1027.00,82140.00,48.10,2.40,0.50,0.30,1.40,1.70,70.00,52543.00,5979.00,3257.00,431.00,828.00,352.00,576.00,1069.00,2723.00,416.00,20255.00,12904.00,9443.00,2912.00,548.00,4170.00,881.00,822.00,1478.00,1415.00,7793.00,2396.00,2665.00,2191.00,542.00,2571.00,2730.00,555.00,74.00,1294.00,225.00,746.00,1742.00,6746.00,444.00,6302.00
2007-2008,south,Atlanta,2269.00,70428.00,45.80,2.40,0.60,0.20,1.40,1.80,65.00,46667.00,6005.00,3006.00,406.00,682.00,313.00,532.00,1073.00,2999.00,375.00,17275.00,10925.00,7421.00,2923.00,582.00,3811.00,820.00,447.00,1271.00,1635.00,7316.00,2101.00,2821.00,1893.00,501.00,2383.00,2168.00,527.00,79.00,467.00,197.00,751.00,1588.00,5900.00,281.00,5619.00
2007-2008,south,Miami,1674.00,58696.00,49.00,2.40,0.60,0.30,1.30,1.40,62.00,47079.00,5629.00,3796.00,489.00,925.00,459.00,807.00,1116.00,1833.00,308.00,18459.00,12095.00,7507.00,4118.00,470.00,3576.00,1180.00,587.00,1022.00,1238.00,8506.00,3049.00,2863.00,2076.00,518.00,1933.00,1630.00,604.00,31.00,968.00,143.00,1151.00,1828.00,4651.00,130.00,4521.00
2007-2008,south,Dallas- Fort Worth,2282.00,64899.00,46.40,2.70,0.80,0.30,1.40,1.80,64.00,52985.00,6217.00,3516.00,465.00,748.00,395.00,592.00,1316.00,2701.00,348.00,17737.00,9876.00,6339.00,3142.00,396.00,4307.00,1093.00,695.00,1767.00,1784.00,10140.00,4196.00,2733.00,2861.00,350.00,2787.00,2697.00,758.00,93.00,774.00,225.00,690.00,2014.00,6721.00,305.00,6416.00
2007-2008,south,Houston,1882.00,75751.00,45.10,2.80,0.80,0.20,1.50,1.80,62.00,55703.00,6837.00,3515.00,416.00,836.00,383.00,576.00,1304.00,3323.00,626.00,18059.00,10359.00,6906.00,2834.00,619.00,4332.00,1018.00,677.00,1674.00,1990.00,10880.00,4070.00,3274.00,3064.00,472.00,3002.00,2653.00,761.00,90.00,1009.00,298.00,733.00,1886.00,6879.00,346.00,6533.00
2007-2008,northeast,All consumer units in the Northeast,22365.00,70186.00,50.70,2.40,0.60,0.30,1.30,1.70,65.00,53268.00,6688.00,3806.00,537.00,875.00,430.00,686.00,1278.00,2881.00,481.00,19305.00,11831.00,7752.00,3052.00,1027.00,3975.00,1094.00,620.00,1786.00,2021.00,8455.00,2597.00,2233.00,2867.00,757.00,2840.00,2885.00,624.00,138.00,1374.00,342.00,889.00,1453.00,5772.00,363.00,5409.00
2007-2008,northeast,New York,8811.00,82011.00,51.10,2.50,0.60,0.30,1.30,1.30,59.00,59185.00,7223.00,3892.00,535.00,986.00,414.00,755.00,1203.00,3331.00,516.00,23441.00,15472.00,9760.00,4387.00,1325.00,4146.00,1365.00,610.00,1848.00,2535.00,8249.00,2102.00,2051.00,2928.00,1168.00,2829.00,2763.00,699.00,113.00,1795.00,210.00,964.00,1462.00,6386.00,396.00,5990.00
2007-2008,northeast,Philadelphia,2571.00,73674.00,49.80,2.60,0.70,0.30,1.30,1.60,68.00,55706.00,6107.00,3422.00,467.00,803.00,398.00,589.00,1165.00,2685.00,465.00,20870.00,12637.00,8790.00,2721.00,1126.00,4356.00,1131.00,701.00,2044.00,1940.00,8658.00,2455.00,2447.00,2977.00,779.00,2682.00,2874.00,641.00,151.00,1895.00,378.00,935.00,2106.00,6004.00,294.00,5710.00
2007-2008,northeast,Boston,2744.00,75087.00,49.80,2.40,0.60,0.30,1.30,1.70,64.00,55954.00,7446.00,4629.00,641.00,1044.00,522.00,802.00,1620.00,2817.00,604.00,20677.00,13051.00,8804.00,3155.00,1092.00,4067.00,1215.00,527.00,1817.00,2097.00,8067.00,2572.00,2224.00,2615.00,657.00,2936.00,3334.00,594.00,177.00,1538.00,349.00,868.00,1042.00,6222.00,268.00,5954.00
2007-2008,midwest,All consumer units in the Midwest,27624.00,60231.00,48.50,2.40,0.60,0.30,1.40,2.10,68.00,47929.00,5878.00,3389.00,463.00,720.00,398.00,568.00,1240.00,2489.00,476.00,15466.00,8881.00,6260.00,1942.00,679.00,3426.00,859.00,649.00,1651.00,1743.00,8550.00,3138.00,2537.00,2445.00,430.00,3073.00,2672.00,547.00,122.00,1107.00,361.00,751.00,1748.00,5434.00,326.00,5108.00
2007-2008,midwest,Chicago,3384.00,77337.00,50.00,2.60,0.70,0.30,1.40,1.80,72.00,57930.00,7155.00,4099.00,561.00,919.00,419.00,724.00,1476.00,3056.00,575.00,20830.00,13034.00,9377.00,2639.00,1019.00,4062.00,1100.00,621.00,2013.00,2757.00,8947.00,3075.00,2547.00,2559.00,767.00,3324.00,2885.00,726.00,123.00,1595.00,323.00,882.00,1505.00,6303.00,348.00,5955.00
2007-2008,midwest,Detroit,2244.00,59684.00,50.00,2.50,0.60,0.30,1.30,2.00,72.00,48149.00,6899.00,4119.00,628.00,868.00,456.00,677.00,1490.00,2780.00,422.00,15866.00,9472.00,6591.00,2155.00,726.00,3654.00,665.00,632.00,1444.00,1758.00,9200.00,2242.00,2946.00,3606.00,406.00,2432.00,2268.00,515.00,106.00,1088.00,421.00,983.00,1278.00,4913.00,250.00,4663.00
2007-2008,midwest,Minneapolis-St.Paul,1458.00,71396.00,48.00,2.30,0.60,0.30,1.30,2.20,72.00,58246.00,7121.00,4144.00,536.00,856.00,515.00,739.00,1498.00,2977.00,867.00,19842.00,11718.00,8574.00,2455.00,689.00,3482.00,1553.00,670.00,2420.00,2251.00,9678.00,3950.00,2432.00,2702.00,594.00,3365.00,3672.00,727.00,132.00,823.00,290.00,804.00,2172.00,6503.00,308.00,6195.00
2007-2008,midwest,Cleveland,1106.00,62886.00,53.40,2.40,0.50,0.30,1.40,1.90,71.00,48571.00,5659.00,3607.00,479.00,895.00,386.00,596.00,1251.00,2053.00,383.00,16933.00,9761.00,6433.00,2337.00,991.00,3839.00,881.00,651.00,1801.00,2191.00,8365.00,2995.00,2384.00,2622.00,365.00,3651.00,2417.00,529.00,142.00,751.00,352.00,647.00,1514.00,5035.00,380.00,4655.00
2007-2008,west,All consumer units in the West,27059.00,68479.00,47.80,2.60,0.70,0.30,1.40,2.00,63.00,55873.00,6925.00,3982.00,504.00,860.00,448.00,743.00,1428.00,2942.00,503.00,19784.00,12725.00,8114.00,3845.00,766.00,3299.00,1151.00,709.00,1900.00,1965.00,9314.00,3236.00,2533.00,2832.00,713.00,2958.00,3327.00,686.00,140.00,930.00,246.00,1045.00,2121.00,5928.00,263.00,5665.00
2007-2008,west,Los Angeles,4778.00,74851.00,48.90,2.80,0.80,0.30,1.40,1.80,55.00,59131.00,7641.00,4298.00,502.00,1023.00,437.00,881.00,1455.00,3343.00,515.00,22645.00,15521.00,9077.00,5857.00,587.00,3364.00,1343.00,623.00,1794.00,2026.00,9227.00,2883.00,2913.00,2826.00,604.00,2512.00,2782.00,752.00,123.00,1117.00,178.00,1110.00,2356.00,6148.00,247.00,5902.00
2007-2008,west,San Francisco,2969.00,89770.00,48.30,2.40,0.50,0.30,1.40,1.80,57.00,68966.00,8393.00,4323.00,562.00,919.00,478.00,916.00,1448.00,4070.00,774.00,26111.00,18800.00,11238.00,6208.00,1355.00,3204.00,1567.00,600.00,1939.00,2456.00,10591.00,2973.00,2589.00,3550.00,1479.00,3321.00,3409.00,932.00,174.00,1450.00,176.00,1101.00,1822.00,8256.00,270.00,7986.00
2007-2008,west,San Diego,994.00,69432.00,46.20,2.50,0.60,0.30,1.30,1.50,53.00,51159.00,5556.00,3087.00,339.00,626.00,315.00,660.00,1147.00,2468.00,482.00,22562.00,15761.00,8903.00,6432.00,426.00,2861.00,1581.00,573.00,1787.00,1941.00,6556.00,"a/ 1,429",2593.00,2020.00,514.00,1840.00,2346.00,603.00,85.00,596.00,108.00,707.00,1338.00,6439.00,199.00,6240.00
2007-2008,west,Seattle,2006.00,74510.00,48.00,2.30,0.50,0.20,1.30,2.50,65.00,63565.00,7296.00,4313.00,543.00,879.00,498.00,750.00,1641.00,2983.00,600.00,21515.00,13890.00,8883.00,3950.00,1057.00,3485.00,1103.00,641.00,2396.00,2548.00,9643.00,3113.00,2608.00,2816.00,1107.00,3373.00,3748.00,752.00,245.00,1125.00,282.00,1321.00,3365.00,7750.00,406.00,7345.00
2007-2008,west,Phoenix,1610.00,71065.00,45.70,2.80,0.90,0.30,1.50,2.00,67.00,56847.00,6401.00,3715.00,496.00,741.00,406.00,607.00,1465.00,2685.00,472.00,19492.00,11711.00,7806.00,3201.00,705.00,3874.00,1362.00,655.00,1889.00,2046.00,11630.00,5074.00,2957.00,2998.00,602.00,3195.00,3560.00,707.00,115.00,555.00,308.00,972.00,2059.00,5337.00,239.00,5097.00
2005-2006,south,All consumer units in the South,42288.00,54756.00,48.80,2.50,0.70,0.30,1.30,1.90,69.00,43513.00,5570.00,3073.00,404.00,748.00,330.00,493.00,1097.00,2498.00,358.00,13938.00,7529.00,5130.00,2028.00,371.00,3398.00,820.00,617.00,1575.00,1786.00,8244.00,3593.00,2213.00,2134.00,305.00,2691.00,2104.00,540.00,89.00,691.00,327.00,691.00,1736.00,4748.00,366.00,4382.00
2005-2006,south,"Washington, D.C.",2194.00,88551.00,45.90,2.50,0.60,0.20,1.50,1.70,68.00,58236.00,6357.00,3092.00,393.00,687.00,370.00,642.00,1000.00,3264.00,572.00,24059.00,15976.00,11628.00,3765.00,582.00,3827.00,1447.00,603.00,2206.00,2195.00,7341.00,2133.00,1958.00,2503.00,747.00,2505.00,2480.00,625.00,135.00,1446.00,187.00,1039.00,1635.00,7661.00,412.00,7249.00
2005-2006,south,Baltimore,1016.00,74508.00,50.60,2.40,0.60,0.30,1.30,1.70,71.00,47494.00,4921.00,2883.00,388.00,743.00,286.00,467.00,999.00,2038.00,390.00,17063.00,10813.00,7744.00,2464.00,605.00,3424.00,883.00,503.00,1440.00,1805.00,7554.00,2929.00,2073.00,2076.00,476.00,2551.00,2186.00,525.00,83.00,1840.00,242.00,713.00,1578.00,6043.00,463.00,5580.00
2005-2006,south,Atlanta,2123.00,64217.00,46.10,2.50,0.70,0.20,1.30,1.60,69.00,43727.00,5289.00,2506.00,323.00,661.00,234.00,443.00,846.00,2783.00,265.00,16158.00,9539.00,6467.00,2523.00,549.00,3773.00,990.00,548.00,1307.00,1847.00,7599.00,3146.00,2124.00,1965.00,364.00,2017.00,1861.00,460.00,72.00,652.00,190.00,522.00,1207.00,5587.00,266.00,5321.00
2005-2006,south,Miami,1628.00,51232.00,50.40,2.50,0.60,0.40,1.30,1.50,63.00,42379.00,5637.00,3593.00,464.00,910.00,427.00,727.00,1066.00,2044.00,255.00,15928.00,10053.00,6385.00,3445.00,222.00,3421.00,856.00,532.00,1065.00,1242.00,8186.00,3199.00,2069.00,2480.00,437.00,2190.00,1523.00,633.00,43.00,724.00,168.00,524.00,1328.00,4000.00,221.00,3779.00
2005-2006,south,Dallas- Fort Worth,2072.00,66261.00,44.90,2.80,0.80,0.20,1.60,2.00,65.00,53294.00,6537.00,3573.00,468.00,805.00,392.00,596.00,1312.00,2964.00,461.00,17854.00,9883.00,6793.00,2478.00,611.00,4424.00,1140.00,714.00,1693.00,2048.00,9662.00,3919.00,2410.00,2816.00,517.00,3075.00,2285.00,713.00,110.00,799.00,260.00,839.00,2077.00,6573.00,382.00,6191.00
2005-2006,south,Houston,1753.00,68659.00,45.70,2.80,0.80,0.20,1.40,1.90,70.00,56260.00,6063.00,3231.00,382.00,784.00,329.00,587.00,1149.00,2832.00,604.00,17198.00,9427.00,6501.00,2293.00,634.00,4179.00,1181.00,732.00,1679.00,2608.00,11636.00,5305.00,2743.00,3068.00,519.00,3259.00,2528.00,737.00,114.00,998.00,274.00,1025.00,2736.00,6478.00,441.00,6038.00
2005-2006,west,All consumer units in the West,26149.00,66452.00,47.40,2.60,0.70,0.30,1.40,2.10,63.00,55214.00,6745.00,3769.00,477.00,832.00,415.00,690.00,1356.00,2975.00,585.00,19064.00,12134.00,7887.00,3560.00,687.00,3013.00,1017.00,660.00,2240.00,2050.00,10112.00,4399.00,2282.00,2724.00,707.00,2751.00,2960.00,652.00,150.00,937.00,267.00,1033.00,1993.00,5917.00,315.00,5602.00
2005-2006,west,Los Angeles,5279.00,70847.00,46.70,2.90,0.80,0.30,1.50,1.90,57.00,58404.00,7222.00,3873.00,470.00,914.00,395.00,795.00,1297.00,3349.00,475.00,21190.00,14312.00,8994.00,4775.00,543.00,2996.00,1235.00,643.00,2004.00,2396.00,10716.00,4443.00,2566.00,2980.00,727.00,2316.00,2743.00,815.00,141.00,1127.00,199.00,1014.00,1710.00,6340.00,307.00,6033.00
2005-2006,west,San Francisco,2923.00,90781.00,47.50,2.50,0.60,0.30,1.40,1.90,58.00,66344.00,7942.00,4173.00,527.00,965.00,443.00,839.00,1399.00,3769.00,757.00,26382.00,18845.00,12442.00,5112.00,1290.00,2925.00,1574.00,625.00,2414.00,2524.00,10080.00,3492.00,2309.00,3261.00,1017.00,2820.00,3080.00,734.00,205.00,1106.00,151.00,1073.00,1741.00,7748.00,342.00,7406.00
2005-2006,west,San Diego,954.00,73846.00,48.70,2.60,0.60,0.30,1.40,1.90,56.00,62321.00,6238.00,3261.00,423.00,711.00,376.00,529.00,1222.00,2977.00,755.00,23034.00,15654.00,9517.00,5374.00,763.00,3001.00,1830.00,499.00,2049.00,2111.00,11115.00,4959.00,2542.00,2753.00,862.00,3421.00,2774.00,866.00,154.00,986.00,99.00,1161.00,2470.00,7138.00,425.00,6713.00
2005-2006,west,Seattle,1915.00,65672.00,47.80,2.30,0.50,0.20,1.50,2.40,67.00,55544.00,6887.00,3778.00,479.00,743.00,417.00,662.00,1477.00,3109.00,752.00,19142.00,12279.00,8515.00,2796.00,968.00,3046.00,733.00,611.00,2473.00,1541.00,10127.00,4145.00,2221.00,2950.00,810.00,2889.00,3196.00,626.00,179.00,848.00,289.00,924.00,1995.00,6149.00,371.00,5779.00
2005-2006,west,Phoenix,1565.00,65520.00,44.30,2.70,0.80,0.20,1.40,1.90,68.00,53570.00,7187.00,3822.00,482.00,894.00,433.00,672.00,1342.00,3365.00,693.00,16469.00,9279.00,6249.00,2456.00,573.00,3348.00,899.00,784.00,2158.00,2019.00,10964.00,5422.00,2217.00,2832.00,493.00,3134.00,2615.00,657.00,115.00,794.00,411.00,919.00,1910.00,5683.00,312.00,5371.00
2005-2006,northeast,All consumer units in the Northeast,22557.00,63655.00,49.90,2.40,0.60,0.30,1.30,1.60,65.00,48564.00,6357.00,3554.00,493.00,851.00,402.00,643.00,1165.00,2803.00,480.00,17072.00,10572.00,7004.00,2905.00,663.00,3498.00,849.00,619.00,1535.00,2046.00,7776.00,2902.00,1836.00,2405.00,633.00,2586.00,2305.00,549.00,140.00,1232.00,331.00,853.00,1421.00,5416.00,354.00,5062.00
2005-2006,northeast,New York,8155.00,73243.00,50.60,2.50,0.60,0.30,1.40,1.40,58.00,55137.00,7101.00,3877.00,533.00,989.00,425.00,759.00,1172.00,3224.00,488.00,20865.00,13848.00,8613.00,4424.00,812.00,3709.00,1019.00,599.00,1689.00,2746.00,7792.00,2416.00,1798.00,2555.00,1022.00,2607.00,2451.00,659.00,133.00,1597.00,245.00,1132.00,1353.00,5968.00,380.00,5588.00
2005-2006,northeast,Philadelphia,2856.00,60304.00,48.40,2.40,0.60,0.30,1.30,1.50,71.00,45922.00,6031.00,3372.00,454.00,834.00,382.00,620.00,1082.00,2659.00,437.00,16417.00,9722.00,6748.00,2510.00,464.00,3771.00,877.00,634.00,1413.00,2063.00,7092.00,2661.00,1783.00,2227.00,421.00,2188.00,1871.00,575.00,108.00,1064.00,371.00,561.00,1301.00,5842.00,323.00,5519.00
2005-2006,northeast,Boston,3127.00,76273.00,47.30,2.30,0.60,0.20,1.40,1.80,63.00,53691.00,6865.00,3760.00,561.00,866.00,405.00,634.00,1295.00,3105.00,573.00,18922.00,12256.00,8351.00,3020.00,885.00,3590.00,918.00,584.00,1574.00,1690.00,9170.00,4011.00,1958.00,2625.00,576.00,2794.00,2555.00,554.00,189.00,1779.00,302.00,699.00,1330.00,6269.00,360.00,5909.00
2005-2006,midwest,All consumer units in the Midwest,27105.00,57295.00,48.70,2.40,0.60,0.30,1.40,2.10,70.00,45068.00,5759.00,3246.00,443.00,725.00,378.00,524.00,1176.00,2513.00,493.00,14419.00,8067.00,5792.00,1738.00,537.00,3221.00,843.00,612.00,1676.00,1725.00,7626.00,2907.00,2059.00,2268.00,393.00,2828.00,2322.00,526.00,130.00,974.00,365.00,821.00,1885.00,5196.00,362.00,4833.00
2005-2006,midwest,Chicago,3119.00,73086.00,49.50,2.60,0.70,0.30,1.40,1.80,71.00,54757.00,6902.00,3730.00,491.00,879.00,381.00,664.00,1315.00,3171.00,839.00,19059.00,11755.00,8448.00,2573.00,733.00,3620.00,1096.00,695.00,1893.00,2468.00,8453.00,3352.00,2092.00,2302.00,706.00,2878.00,2621.00,632.00,141.00,1513.00,312.00,817.00,1986.00,6135.00,358.00,5777.00
2005-2006,midwest,Detroit,2192.00,62834.00,48.70,2.60,0.70,0.20,1.40,2.00,75.00,50345.00,6614.00,3827.00,527.00,931.00,416.00,638.00,1316.00,2787.00,463.00,16831.00,9899.00,7710.00,1543.00,645.00,3794.00,823.00,588.00,1727.00,2057.00,8652.00,2252.00,2405.00,3585.00,411.00,2349.00,2287.00,584.00,142.00,1297.00,517.00,1043.00,1690.00,5818.00,346.00,5472.00
2005-2006,midwest,Minneapolis-St.Paul,1403.00,85455.00,47.70,2.20,0.50,0.20,1.40,2.20,75.00,61428.00,6393.00,3297.00,470.00,564.00,431.00,584.00,1248.00,3095.00,688.00,20380.00,11650.00,8879.00,2004.00,767.00,3245.00,2466.00,651.00,2368.00,2346.00,8915.00,3593.00,2031.00,2618.00,673.00,3322.00,4070.00,623.00,161.00,1269.00,364.00,1184.00,3687.00,8026.00,376.00,7651.00
2005-2006,midwest,Cleveland,1120.00,55798.00,52.60,2.50,0.60,0.40,1.30,2.00,72.00,43611.00,5043.00,2996.00,375.00,840.00,304.00,476.00,1001.00,2047.00,488.00,14654.00,8546.00,5659.00,2250.00,636.00,3624.00,546.00,550.00,1388.00,1618.00,7596.00,2965.00,1825.00,2487.00,318.00,3035.00,2338.00,489.00,153.00,1070.00,380.00,1056.00,1227.00,4464.00,361.00,4103.00
2004-2005,south,All consumer units in the South,41986.00,52066.00,48.40,2.50,0.60,0.30,1.30,1.90,69.00,40903.00,5404.00,3065.00,413.00,790.00,331.00,488.00,1043.00,2340.00,349.00,12862.00,6936.00,4719.00,1867.00,350.00,3108.00,725.00,561.00,1532.00,1740.00,7620.00,3366.00,1835.00,2132.00,288.00,2569.00,2124.00,525.00,96.00,662.00,304.00,587.00,1479.00,4583.00,406.00,4177.00
2004-2005,south,"Washington, D.C.",2344.00,86526.00,47.00,2.50,0.60,0.20,1.50,1.80,69.00,55977.00,5831.00,3055.00,407.00,766.00,337.00,597.00,949.00,2776.00,551.00,21523.00,13997.00,10250.00,3178.00,570.00,3618.00,1326.00,567.00,2015.00,2224.00,7876.00,2758.00,1726.00,2601.00,790.00,2510.00,2632.00,637.00,166.00,1610.00,188.00,847.00,1667.00,7713.00,609.00,7104.00
2004-2005,south,Baltimore,1169.00,63372.00,51.30,2.30,0.50,0.40,1.20,1.60,69.00,39217.00,4324.00,2655.00,374.00,737.00,275.00,448.00,820.00,1670.00,354.00,14714.00,9487.00,6644.00,2366.00,476.00,2944.00,614.00,417.00,1253.00,1641.00,5799.00,2052.00,1541.00,1844.00,363.00,2215.00,1696.00,507.00,80.00,998.00,219.00,395.00,1228.00,5046.00,235.00,4811.00
2004-2005,south,Atlanta,1989.00,59942.00,45.80,2.50,0.70,0.20,1.30,1.50,72.00,39992.00,5496.00,2676.00,364.00,750.00,255.00,502.00,804.00,2820.00,337.00,14346.00,8497.00,6019.00,2202.00,276.00,3430.00,717.00,518.00,1184.00,1744.00,6044.00,2359.00,1695.00,1748.00,242.00,1837.00,2079.00,397.00,65.00,773.00,142.00,421.00,1047.00,5265.00,364.00,4901.00
2004-2005,south,Miami,1779.00,51799.00,50.40,2.60,0.70,0.40,1.30,1.50,67.00,37673.00,5522.00,3793.00,507.00,1029.00,470.00,736.00,1052.00,1729.00,272.00,14807.00,9465.00,6150.00,3027.00,289.00,3140.00,741.00,525.00,936.00,954.00,6282.00,2013.00,1633.00,2284.00,353.00,2003.00,1412.00,516.00,33.00,576.00,141.00,455.00,852.00,3846.00,218.00,3628.00
2004-2005,south,Dallas- Fort Worth,2054.00,61753.00,44.90,2.80,0.80,0.20,1.50,2.00,68.00,50637.00,6426.00,3560.00,489.00,805.00,414.00,579.00,1273.00,2867.00,540.00,16706.00,9453.00,6818.00,2147.00,488.00,3833.00,929.00,645.00,1845.00,2228.00,8838.00,3587.00,1982.00,2799.00,469.00,3027.00,2111.00,767.00,118.00,921.00,228.00,783.00,1855.00,6090.00,437.00,5652.00
2004-2005,south,Houston,1751.00,69557.00,45.10,2.90,1.00,0.20,1.50,1.90,68.00,52998.00,5862.00,3118.00,422.00,776.00,338.00,556.00,1025.00,2744.00,430.00,16609.00,9245.00,6373.00,2255.00,617.00,3877.00,1067.00,653.00,1767.00,2265.00,10326.00,4584.00,2249.00,3107.00,386.00,2942.00,2338.00,746.00,129.00,1061.00,246.00,879.00,2677.00,6488.00,425.00,6063.00
2004-2005,midwest,All consumer units in the Midwest,26767.00,55215.00,48.80,2.40,0.60,0.30,1.40,2.10,72.00,44322.00,5672.00,3210.00,450.00,747.00,374.00,514.00,1126.00,2462.00,443.00,13852.00,7665.00,5527.00,1608.00,530.00,3064.00,734.00,640.00,1749.00,1711.00,7795.00,3259.00,1801.00,2365.00,371.00,2859.00,2293.00,539.00,141.00,951.00,356.00,821.00,1828.00,5058.00,411.00,4648.00
2004-2005,midwest,Chicago,3189.00,67726.00,50.10,2.60,0.70,0.30,1.40,1.80,73.00,54935.00,6456.00,3453.00,473.00,815.00,365.00,609.00,1192.00,3002.00,581.00,18962.00,11440.00,8510.00,2138.00,792.00,3541.00,1063.00,792.00,2124.00,2318.00,8875.00,4013.00,1754.00,2464.00,644.00,2933.00,2629.00,664.00,162.00,1456.00,346.00,920.00,2969.00,5665.00,384.00,5282.00
2004-2005,midwest,Detroit,2123.00,66189.00,48.70,2.70,0.80,0.30,1.40,2.10,78.00,51219.00,6780.00,3965.00,545.00,1047.00,405.00,635.00,1333.00,2815.00,380.00,16490.00,9656.00,7389.00,1462.00,805.00,3511.00,864.00,568.00,1890.00,2251.00,9246.00,2914.00,2129.00,3759.00,444.00,2261.00,2619.00,568.00,149.00,1140.00,480.00,895.00,1528.00,6430.00,451.00,5979.00
2004-2005,midwest,Minneapolis-St.Paul,1293.00,78388.00,47.10,2.30,0.50,0.20,1.40,2.40,75.00,58900.00,6850.00,3567.00,493.00,713.00,458.00,600.00,1303.00,3282.00,750.00,19341.00,11245.00,8463.00,1896.00,886.00,3070.00,1126.00,810.00,3090.00,2472.00,8550.00,3140.00,1853.00,2826.00,731.00,3100.00,3656.00,700.00,179.00,1296.00,346.00,1177.00,2275.00,8210.00,414.00,7796.00
2004-2005,midwest,Cleveland,1161.00,51602.00,50.80,2.40,0.60,0.30,1.30,1.80,74.00,38476.00,4526.00,2788.00,391.00,726.00,320.00,455.00,896.00,1738.00,435.00,13349.00,7560.00,5333.00,1613.00,614.00,3412.00,434.00,570.00,1373.00,1156.00,6095.00,2056.00,1449.00,2328.00,263.00,2600.00,2213.00,439.00,147.00,719.00,364.00,926.00,1027.00,4478.00,294.00,4184.00
2004-2005,midwest,St. Louis,1075.00,61535.00,49.00,2.40,0.70,0.20,1.40,2.10,73.00,48365.00,6266.00,3452.00,494.00,854.00,395.00,536.00,1173.00,2814.00,738.00,14409.00,7620.00,5568.00,1494.00,558.00,3251.00,921.00,581.00,2035.00,2015.00,8649.00,4095.00,1853.00,2287.00,415.00,2980.00,2477.00,563.00,127.00,1370.00,348.00,699.00,2177.00,5546.00,555.00,4991.00
2004-2005,northeast,All consumer units in the Northeast,22184.00,62002.00,50.20,2.40,0.60,0.30,1.30,1.70,65.00,47005.00,6430.00,3640.00,515.00,946.00,421.00,645.00,1114.00,2790.00,532.00,16121.00,9887.00,6571.00,2726.00,590.00,3257.00,779.00,620.00,1577.00,2106.00,7646.00,3031.00,1572.00,2405.00,637.00,2476.00,2137.00,586.00,146.00,1256.00,314.00,793.00,1241.00,5223.00,371.00,4851.00
2004-2005,northeast,New York,7687.00,74851.00,50.60,2.60,0.60,0.30,1.40,1.40,58.00,54121.00,7283.00,4014.00,568.00,1109.00,462.00,766.00,1111.00,3269.00,553.00,20065.00,13271.00,8277.00,4245.00,749.00,3528.00,957.00,579.00,1730.00,2858.00,7581.00,2316.00,1495.00,2716.00,1054.00,2412.00,2330.00,687.00,144.00,1643.00,265.00,1064.00,1168.00,6068.00,422.00,5646.00
2004-2005,northeast,Philadelphia,2620.00,61496.00,49.30,2.50,0.60,0.30,1.30,1.50,70.00,47289.00,6481.00,3620.00,522.00,963.00,408.00,611.00,1116.00,2861.00,567.00,15915.00,9289.00,6344.00,2470.00,475.00,3600.00,687.00,628.00,1709.00,2279.00,8084.00,3802.00,1477.00,2310.00,495.00,2254.00,1895.00,643.00,132.00,1235.00,275.00,729.00,1227.00,5573.00,350.00,5222.00
2004-2005,northeast,Boston,2876.00,67927.00,48.80,2.40,0.60,0.30,1.30,1.80,64.00,51679.00,7223.00,3977.00,579.00,998.00,410.00,686.00,1304.00,3247.00,834.00,17805.00,11364.00,7882.00,2899.00,583.00,3169.00,917.00,684.00,1670.00,1929.00,8586.00,3759.00,1747.00,2502.00,579.00,2624.00,2347.00,591.00,195.00,1744.00,287.00,599.00,1063.00,5851.00,393.00,5458.00
2004-2005,northeast,Pittsburgh,1154.00,52637.00,52.90,2.30,0.50,0.40,1.30,1.90,73.00,39891.00,5205.00,2785.00,399.00,681.00,331.00,460.00,915.00,2420.00,387.00,12031.00,6429.00,4454.00,1524.00,451.00,3103.00,563.00,549.00,1386.00,1747.00,7456.00,3307.00,1538.00,2218.00,393.00,2528.00,2102.00,479.00,144.00,879.00,465.00,662.00,1817.00,3989.00,378.00,3611.00
2004-2005,west,All consumer units in the West,25872.00,60730.00,47.00,2.60,0.70,0.30,1.40,2.10,62.00,50305.00,6280.00,3580.00,467.00,843.00,406.00,635.00,1228.00,2701.00,517.00,16828.00,10480.00,6670.00,3231.00,579.00,2795.00,904.00,618.00,2030.00,1954.00,9498.00,4268.00,1966.00,2658.00,606.00,2602.00,2636.00,621.00,153.00,1039.00,239.00,910.00,1576.00,5451.00,343.00,5108.00
2004-2005,west,Los Angeles,5112.00,65810.00,46.90,2.90,0.80,0.30,1.50,1.90,58.00,55760.00,7062.00,3876.00,492.00,976.00,411.00,749.00,1248.00,3185.00,485.00,19911.00,13030.00,8122.00,4383.00,524.00,2908.00,1224.00,632.00,2119.00,2386.00,10972.00,4996.00,2312.00,3029.00,635.00,2275.00,2719.00,798.00,158.00,960.00,179.00,848.00,1272.00,5736.00,298.00,5438.00
2004-2005,west,San Francisco,2724.00,86935.00,47.00,2.60,0.60,0.30,1.40,1.80,56.00,60992.00,7581.00,3909.00,519.00,888.00,445.00,772.00,1285.00,3672.00,628.00,22885.00,15947.00,10068.00,4928.00,951.00,2711.00,1384.00,634.00,2210.00,2382.00,9518.00,3347.00,1922.00,3296.00,953.00,2773.00,2938.00,664.00,212.00,1107.00,143.00,1014.00,1607.00,7538.00,336.00,7202.00
2004-2005,west,San Diego,892.00,69067.00,50.10,2.60,0.60,0.40,1.40,1.90,63.00,59805.00,6437.00,3462.00,458.00,761.00,404.00,606.00,1233.00,2976.00,613.00,21484.00,14511.00,9118.00,4627.00,767.00,2767.00,1561.00,646.00,1999.00,1935.00,11301.00,5681.00,2094.00,2587.00,939.00,3038.00,2653.00,805.00,192.00,1245.00,136.00,940.00,2520.00,6507.00,423.00,6084.00
2004-2005,west,Portland,1052.00,56702.00,47.90,2.50,0.60,0.30,1.40,2.20,63.00,50313.00,6377.00,3557.00,453.00,783.00,432.00,650.00,1239.00,2820.00,526.00,16039.00,9862.00,6650.00,2535.00,677.00,2878.00,933.00,553.00,1813.00,1822.00,8845.00,3964.00,1742.00,2542.00,596.00,2693.00,3057.00,578.00,188.00,1200.00,344.00,1303.00,1775.00,5565.00,367.00,5198.00
2004-2005,west,Seattle,1801.00,63888.00,47.80,2.30,0.50,0.20,1.50,2.40,66.00,54027.00,6904.00,3908.00,475.00,840.00,457.00,666.00,1469.00,2996.00,781.00,17483.00,10741.00,7144.00,2737.00,860.00,2769.00,725.00,706.00,2541.00,1833.00,9491.00,3897.00,1914.00,2813.00,867.00,2910.00,3002.00,625.00,214.00,1217.00,236.00,1004.00,2070.00,6256.00,346.00,5910.00
2004-2005,west,Honolulu,278.00,70104.00,51.80,2.80,0.60,0.40,1.50,1.80,61.00,54937.00,8089.00,4231.00,556.00,1090.00,335.00,831.00,1419.00,3858.00,463.00,17400.00,10887.00,6516.00,3960.00,411.00,2813.00,692.00,817.00,2191.00,2157.00,9921.00,4768.00,1658.00,2427.00,1069.00,2600.00,3126.00,772.00,128.00,1320.00,241.00,861.00,1112.00,6746.00,520.00,6226.00
2004-2005,west,Anchorage,119.00,71031.00,45.80,2.50,0.70,0.20,1.50,2.50,71.00,59427.00,6412.00,3713.00,457.00,846.00,437.00,605.00,1369.00,2698.00,636.00,18764.00,11391.00,7814.00,2850.00,727.00,3228.00,985.00,771.00,2388.00,1820.00,12596.00,6082.00,2157.00,3239.00,1119.00,3397.00,3420.00,615.00,218.00,842.00,440.00,1227.00,1853.00,7187.00,581.00,6606.00
2004-2005,west,Phoenix,1423.00,60726.00,45.70,2.60,0.80,0.30,1.30,1.80,70.00,49009.00,6434.00,3599.00,470.00,859.00,415.00,632.00,1222.00,2835.00,585.00,14719.00,8414.00,5911.00,2100.00,402.00,3057.00,984.00,605.00,1659.00,1876.00,10549.00,5490.00,1769.00,2911.00,380.00,2890.00,2355.00,666.00,132.00,739.00,373.00,786.00,1662.00,5243.00,400.00,4843.00
2004-2005,west,Denver,1270.00,65224.00,45.60,2.40,0.60,0.30,1.40,1.90,64.00,49996.00,6251.00,3789.00,511.00,886.00,428.00,619.00,1344.00,2462.00,635.00,15772.00,10078.00,6613.00,2936.00,530.00,3013.00,722.00,548.00,1411.00,1755.00,8646.00,3529.00,1755.00,2573.00,789.00,2724.00,3227.00,636.00,144.00,1573.00,308.00,1010.00,1624.00,5689.00,240.00,5449.00
2006-2007,west,All consumer units in the West,26800.00,67953.00,47.70,2.60,0.70,0.30,1.40,2.10,63.00,57124.00,6981.00,3918.00,489.00,864.00,425.00,725.00,1414.00,3063.00,576.00,20024.00,12806.00,8244.00,3766.00,796.00,3166.00,1148.00,738.00,2167.00,2091.00,10116.00,3976.00,2386.00,2992.00,762.00,2857.00,3234.00,665.00,142.00,894.00,256.00,1061.00,2312.00,5915.00,283.00,5632.00
2006-2007,west,Los Angeles,5049.00,76384.00,47.70,2.80,0.80,0.30,1.50,1.80,56.00,60932.00,7785.00,4257.00,494.00,1026.00,416.00,879.00,1442.00,3528.00,543.00,22336.00,15271.00,9260.00,5394.00,616.00,3125.00,1321.00,628.00,1990.00,2383.00,10141.00,3338.00,2712.00,3364.00,727.00,2324.00,2790.00,776.00,126.00,1298.00,199.00,1141.00,2652.00,6439.00,254.00,6185.00
2006-2007,west,San Francisco,2956.00,86112.00,48.90,2.40,0.50,0.30,1.40,1.90,58.00,69559.00,8369.00,4375.00,558.00,1009.00,466.00,888.00,1454.00,3994.00,888.00,27310.00,19519.00,12526.00,5539.00,1454.00,3199.00,1808.00,609.00,2176.00,2587.00,10792.00,3564.00,2489.00,3502.00,1238.00,3224.00,3397.00,827.00,201.00,1080.00,148.00,1190.00,1768.00,7779.00,352.00,7427.00
2006-2007,west,San Diego,1009.00,73604.00,46.90,2.60,0.70,0.30,1.30,1.70,52.00,54648.00,5312.00,2819.00,332.00,630.00,286.00,510.00,1061.00,2493.00,520.00,22670.00,16174.00,9278.00,6276.00,620.00,2837.00,1637.00,427.00,1596.00,2292.00,7258.00,2090.00,2504.00,1962.00,702.00,2613.00,2938.00,691.00,103.00,677.00,95.00,890.00,1941.00,6648.00,307.00,6340.00
2006-2007,west,Seattle,1954.00,67923.00,48.50,2.30,0.50,0.20,1.40,2.40,67.00,59384.00,6486.00,3615.00,447.00,761.00,390.00,619.00,1398.00,2871.00,570.00,20671.00,13530.00,9213.00,3261.00,1056.00,3322.00,860.00,510.00,2449.00,2080.00,10047.00,3917.00,2288.00,2747.00,1094.00,3127.00,3542.00,663.00,196.00,944.00,309.00,1101.00,3147.00,6501.00,395.00,6107.00
2006-2007,west,Phoenix,1556.00,68070.00,45.00,2.70,0.80,0.20,1.50,2.10,64.00,57657.00,7156.00,4045.00,508.00,873.00,445.00,676.00,1542.00,3112.00,645.00,18591.00,10615.00,6736.00,3135.00,744.00,3628.00,1075.00,808.00,2464.00,2442.00,12424.00,6383.00,2594.00,2846.00,601.00,3058.00,3068.00,708.00,119.00,628.00,349.00,897.00,1886.00,5687.00,300.00,5387.00
2006-2007,south,All consumer units in the South,42804.00,57216.00,48.80,2.50,0.70,0.30,1.30,1.90,70.00,45225.00,5715.00,3223.00,423.00,767.00,347.00,532.00,1154.00,2492.00,374.00,14719.00,8056.00,5536.00,2107.00,412.00,3550.00,898.00,627.00,1588.00,1720.00,8578.00,3428.00,2440.00,2368.00,342.00,2788.00,2322.00,568.00,87.00,726.00,334.00,689.00,1762.00,4843.00,305.00,4537.00
2006-2007,south,"Washington, D.C.",2175.00,100486.00,45.80,2.60,0.60,0.20,1.60,1.80,69.00,65894.00,7533.00,3747.00,451.00,864.00,407.00,780.00,1244.00,3786.00,650.00,25525.00,17040.00,12380.00,3947.00,713.00,4037.00,1592.00,703.00,2153.00,2440.00,9531.00,3319.00,2272.00,3163.00,778.00,2641.00,2995.00,682.00,130.00,1664.00,237.00,1234.00,2168.00,8463.00,341.00,8123.00
2006-2007,south,Baltimore,1006.00,78930.00,48.90,2.50,0.60,0.30,1.40,1.70,71.00,53244.00,6222.00,3386.00,438.00,820.00,338.00,573.00,1217.00,2836.00,479.00,19123.00,11930.00,8921.00,2504.00,505.00,3951.00,960.00,650.00,1632.00,1755.00,8673.00,3562.00,2508.00,2049.00,554.00,2431.00,2726.00,565.00,84.00,1771.00,229.00,908.00,1891.00,6387.00,546.00,5841.00
2006-2007,south,Atlanta,2204.00,67859.00,45.70,2.50,0.70,0.20,1.30,1.70,66.00,46705.00,5646.00,2871.00,368.00,662.00,281.00,518.00,1042.00,2775.00,345.00,17716.00,10860.00,7353.00,2831.00,676.00,3874.00,1035.00,515.00,1433.00,1792.00,8053.00,2957.00,2407.00,2119.00,570.00,2355.00,2130.00,513.00,75.00,420.00,202.00,635.00,1281.00,5542.00,242.00,5300.00
2006-2007,south,Miami,1646.00,54990.00,48.80,2.40,0.60,0.30,1.40,1.50,63.00,46201.00,5728.00,3830.00,476.00,949.00,443.00,854.00,1107.00,1898.00,276.00,18708.00,12190.00,8100.00,3809.00,281.00,3611.00,1197.00,569.00,1140.00,1269.00,7938.00,2859.00,2457.00,2092.00,530.00,2167.00,1583.00,641.00,42.00,1054.00,197.00,770.00,1421.00,4407.00,192.00,4215.00
2006-2007,south,Dallas- Fort Worth,2171.00,67145.00,45.50,2.80,0.90,0.20,1.50,1.90,64.00,54334.00,6160.00,3498.00,434.00,774.00,381.00,605.00,1304.00,2662.00,381.00,18169.00,9843.00,6446.00,2892.00,505.00,4551.00,1192.00,728.00,1856.00,1907.00,10764.00,4866.00,2559.00,2902.00,439.00,2967.00,2515.00,747.00,101.00,739.00,265.00,765.00,2223.00,6632.00,346.00,6286.00
2006-2007,south,Houston,1837.00,71124.00,45.30,2.70,0.80,0.20,1.50,1.80,65.00,55381.00,6547.00,3447.00,419.00,802.00,355.00,607.00,1264.00,3099.00,603.00,17752.00,9965.00,6872.00,2533.00,560.00,4297.00,1080.00,746.00,1664.00,2345.00,11119.00,4544.00,2936.00,3149.00,490.00,3293.00,2789.00,782.00,89.00,918.00,299.00,761.00,1821.00,6264.00,417.00,5847.00
2006-2007,northeast,All consumer units in the Northeast,22570.00,67060.00,50.10,2.40,0.60,0.30,1.30,1.60,65.00,50703.00,6320.00,3529.00,486.00,825.00,390.00,641.00,1187.00,2791.00,513.00,18408.00,11335.00,7452.00,3039.00,843.00,3707.00,971.00,579.00,1815.00,2069.00,8107.00,2703.00,1994.00,2722.00,688.00,2618.00,2666.00,583.00,134.00,1121.00,346.00,855.00,1445.00,5517.00,338.00,5179.00
2006-2007,northeast,New York,8716.00,76022.00,50.70,2.50,0.60,0.30,1.30,1.30,58.00,56683.00,7023.00,3822.00,528.00,955.00,396.00,743.00,1199.00,3202.00,533.00,22295.00,14848.00,9327.00,4438.00,1084.00,3879.00,1171.00,572.00,1824.00,2619.00,8048.00,2349.00,1892.00,2721.00,1085.00,2674.00,2600.00,685.00,118.00,1420.00,221.00,1006.00,1517.00,5924.00,338.00,5586.00
2006-2007,northeast,Philadelphia,2722.00,65637.00,48.40,2.40,0.60,0.30,1.30,1.50,70.00,48649.00,5600.00,3028.00,408.00,734.00,343.00,559.00,984.00,2571.00,451.00,18411.00,10755.00,7410.00,2613.00,732.00,3981.00,1054.00,602.00,2020.00,2041.00,7345.00,2244.00,2106.00,2447.00,548.00,2175.00,2327.00,602.00,109.00,1228.00,406.00,689.00,1486.00,5778.00,289.00,5488.00
2006-2007,northeast,Boston,2890.00,80966.00,48.10,2.30,0.60,0.30,1.40,1.70,62.00,55189.00,6700.00,3893.00,553.00,887.00,423.00,657.00,1374.00,2807.00,565.00,20174.00,13068.00,8822.00,3175.00,1071.00,3850.00,1036.00,542.00,1678.00,2093.00,8707.00,3420.00,2026.00,2642.00,618.00,2809.00,3352.00,546.00,177.00,1381.00,350.00,736.00,1235.00,6365.00,254.00,6111.00
2006-2007,midwest,All consumer units in the Midwest,27334.00,58688.00,48.60,2.40,0.60,0.30,1.40,2.10,69.00,46812.00,5778.00,3256.00,438.00,715.00,370.00,538.00,1195.00,2522.00,512.00,15067.00,8531.00,6054.00,1848.00,629.00,3303.00,891.00,613.00,1730.00,1828.00,8159.00,3070.00,2275.00,2386.00,428.00,2957.00,2525.00,541.00,127.00,1069.00,360.00,792.00,1847.00,5247.00,346.00,4902.00
2006-2007,midwest,Chicago,3224.00,75463.00,49.60,2.60,0.70,0.30,1.40,1.80,71.00,57304.00,7202.00,4046.00,537.00,932.00,406.00,713.00,1457.00,3156.00,801.00,20238.00,12612.00,9043.00,2680.00,889.00,3761.00,1063.00,654.00,2146.00,3019.00,8846.00,3084.00,2322.00,2635.00,806.00,3020.00,2740.00,662.00,130.00,1644.00,291.00,837.00,1633.00,6241.00,352.00,5889.00
2006-2007,midwest,Detroit,2251.00,58414.00,49.30,2.40,0.60,0.30,1.30,2.00,73.00,48348.00,6550.00,3886.00,579.00,871.00,420.00,635.00,1381.00,2663.00,495.00,15995.00,9568.00,7077.00,1841.00,650.00,3637.00,602.00,642.00,1545.00,1848.00,8743.00,2201.00,2602.00,3506.00,433.00,2307.00,2441.00,570.00,113.00,1325.00,445.00,985.00,1500.00,5031.00,318.00,4713.00
2006-2007,midwest,Minneapolis-St.Paul,1467.00,76772.00,48.10,2.30,0.50,0.30,1.40,2.20,73.00,60059.00,6848.00,3845.00,517.00,703.00,475.00,731.00,1419.00,3003.00,928.00,20819.00,11559.00,8592.00,2222.00,745.00,3294.00,2871.00,562.00,2533.00,2193.00,8694.00,3689.00,2151.00,2204.00,649.00,3705.00,3952.00,647.00,156.00,1079.00,320.00,1149.00,2953.00,6615.00,283.00,6332.00
2006-2007,midwest,Cleveland,1155.00,62104.00,53.00,2.50,0.60,0.30,1.40,2.10,68.00,47890.00,5514.00,3331.00,422.00,934.00,320.00,531.00,1125.00,2183.00,401.00,16602.00,9719.00,6269.00,2773.00,678.00,3768.00,775.00,561.00,1778.00,2241.00,8371.00,3296.00,2177.00,2644.00,253.00,3293.00,2250.00,571.00,154.00,1010.00,398.00,815.00,1557.00,4713.00,429.00,4285.00
